experiment,model_name,subject,random_seed,val_size,window_samples,n_records,n_windows,n_channels,n_classes,train_windows,val_windows,test_windows,requested_epochs,epochs_ran,best_epoch,batch_size,learning_rate,weight_decay,dropout,d_model,n_heads,n_layers,dim_feedforward,input_mode,patch_samples,class_weight,class_weights,device,normalization_strategy,best_val_accuracy,best_val_macro_f1,test_accuracy,test_macro_f1,final_train_loss,best_train_loss,early_stopped
loso_transformer_raw_windows,ChannelTokenTransformer,S01,1,0.2,512,112,8288,14,4,6393,1599,296,30,30,29,64,0.001,0.0001,0.1,64,4,2,128,temporal_patch,32,none,1.000000;1.000000;1.000000;1.000000,cpu,train_channel_standardization,0.827392,0.827300,0.800676,0.798142,0.124546,0.132337,False
loso_transformer_raw_windows,ChannelTokenTransformer,S02,1,0.2,512,112,8288,14,4,6393,1599,296,30,30,28,64,0.001,0.0001,0.1,64,4,2,128,temporal_patch,32,none,1.000000;1.000000;1.000000;1.000000,cpu,train_channel_standardization,0.833646,0.833439,0.847973,0.848698,0.117063,0.121773,False
loso_transformer_raw_windows,ChannelTokenTransformer,S03,1,0.2,512,112,8288,14,4,6393,1599,296,30,30,29,64,0.001,0.0001,0.1,64,4,2,128,temporal_patch,32,none,1.000000;1.000000;1.000000;1.000000,cpu,train_channel_standardization,0.837398,0.837275,0.875000,0.873181,0.136664,0.118405,False
loso_transformer_raw_windows,ChannelTokenTransformer,S04,1,0.2,512,112,8288,14,4,6393,1599,296,30,30,25,64,0.001,0.0001,0.1,64,4,2,128,temporal_patch,32,none,1.000000;1.000000;1.000000;1.000000,cpu,train_channel_standardization,0.828018,0.828328,0.878378,0.877498,0.178589,0.156611,False
loso_transformer_raw_windows,ChannelTokenTransformer,S05,1,0.2,512,112,8288,14,4,6393,1599,296,30,30,26,64,0.001,0.0001,0.1,64,4,2,128,temporal_patch,32,none,1.000000;1.000000;1.000000;1.000000,cpu,train_channel_standardization,0.839900,0.840547,0.810811,0.810648,0.136696,0.130905,False
loso_transformer_raw_windows,ChannelTokenTransformer,S06,1,0.2,512,112,8288,14,4,6393,1599,296,30,30,29,64,0.001,0.0001,0.1,64,4,2,128,temporal_patch,32,none,1.000000;1.000000;1.000000;1.000000,cpu,train_channel_standardization,0.834271,0.834940,0.871622,0.869929,0.109573,0.120087,False
loso_transformer_raw_windows,ChannelTokenTransformer,S07,1,0.2,512,112,8288,14,4,6393,1599,296,30,30,25,64,0.001,0.0001,0.1,64,4,2,128,temporal_patch,32,none,1.000000;1.000000;1.000000;1.000000,cpu,train_channel_standardization,0.829268,0.830073,0.831081,0.830443,0.121236,0.145899,False
loso_transformer_raw_windows,ChannelTokenTransformer,S08,1,0.2,512,112,8288,14,4,6393,1599,296,30,30,28,64,0.001,0.0001,0.1,64,4,2,128,temporal_patch,32,none,1.000000;1.000000;1.000000;1.000000,cpu,train_channel_standardization,0.840525,0.839541,0.820946,0.820457,0.141952,0.142749,False
loso_transformer_raw_windows,ChannelTokenTransformer,S09,1,0.2,512,112,8288,14,4,6393,1599,296,30,30,25,64,0.001,0.0001,0.1,64,4,2,128,temporal_patch,32,none,1.000000;1.000000;1.000000;1.000000,cpu,train_channel_standardization,0.826767,0.826937,0.739865,0.738071,0.139165,0.129610,False
loso_transformer_raw_windows,ChannelTokenTransformer,S10,1,0.2,512,112,8288,14,4,6393,1599,296,30,30,28,64,0.001,0.0001,0.1,64,4,2,128,temporal_patch,32,none,1.000000;1.000000;1.000000;1.000000,cpu,train_channel_standardization,0.818011,0.817863,0.793919,0.794584,0.132916,0.126787,False
loso_transformer_raw_windows,ChannelTokenTransformer,S11,1,0.2,512,112,8288,14,4,6393,1599,296,30,25,17,64,0.001,0.0001,0.1,64,4,2,128,temporal_patch,32,none,1.000000;1.000000;1.000000;1.000000,cpu,train_channel_standardization,0.804253,0.804090,0.777027,0.775990,0.162098,0.211701,True
loso_transformer_raw_windows,ChannelTokenTransformer,S12,1,0.2,512,112,8288,14,4,6393,1599,296,30,30,30,64,0.001,0.0001,0.1,64,4,2,128,temporal_patch,32,none,1.000000;1.000000;1.000000;1.000000,cpu,train_channel_standardization,0.828643,0.829142,0.773649,0.773895,0.116893,0.116893,False
loso_transformer_raw_windows,ChannelTokenTransformer,S13,1,0.2,512,112,8288,14,4,6393,1599,296,30,30,30,64,0.001,0.0001,0.1,64,4,2,128,temporal_patch,32,none,1.000000;1.000000;1.000000;1.000000,cpu,train_channel_standardization,0.807380,0.807400,0.810811,0.812251,0.127930,0.127930,False
loso_transformer_raw_windows,ChannelTokenTransformer,S14,1,0.2,512,112,8288,14,4,6393,1599,296,30,30,29,64,0.001,0.0001,0.1,64,4,2,128,temporal_patch,32,none,1.000000;1.000000;1.000000;1.000000,cpu,train_channel_standardization,0.831144,0.831545,0.702703,0.700785,0.116715,0.125902,False
loso_transformer_raw_windows,ChannelTokenTransformer,S15,1,0.2,512,112,8288,14,4,6393,1599,296,30,30,29,64,0.001,0.0001,0.1,64,4,2,128,temporal_patch,32,none,1.000000;1.000000;1.000000;1.000000,cpu,train_channel_standardization,0.829268,0.828943,0.810811,0.809423,0.112436,0.132284,False
loso_transformer_raw_windows,ChannelTokenTransformer,S16,1,0.2,512,112,8288,14,4,6393,1599,296,30,30,30,64,0.001,0.0001,0.1,64,4,2,128,temporal_patch,32,none,1.000000;1.000000;1.000000;1.000000,cpu,train_channel_standardization,0.822389,0.822887,0.797297,0.796293,0.121830,0.121830,False
loso_transformer_raw_windows,ChannelTokenTransformer,S17,1,0.2,512,112,8288,14,4,6393,1599,296,30,29,21,64,0.001,0.0001,0.1,64,4,2,128,temporal_patch,32,none,1.000000;1.000000;1.000000;1.000000,cpu,train_channel_standardization,0.815510,0.815620,0.814189,0.815576,0.118339,0.172176,True
loso_transformer_raw_windows,ChannelTokenTransformer,S18,1,0.2,512,112,8288,14,4,6393,1599,296,30,30,30,64,0.001,0.0001,0.1,64,4,2,128,temporal_patch,32,none,1.000000;1.000000;1.000000;1.000000,cpu,train_channel_standardization,0.833646,0.833462,0.847973,0.847925,0.121362,0.121362,False
loso_transformer_raw_windows,ChannelTokenTransformer,S19,1,0.2,512,112,8288,14,4,6393,1599,296,30,30,29,64,0.001,0.0001,0.1,64,4,2,128,temporal_patch,32,none,1.000000;1.000000;1.000000;1.000000,cpu,train_channel_standardization,0.822389,0.822071,0.780405,0.778353,0.119858,0.122356,False
loso_transformer_raw_windows,ChannelTokenTransformer,S20,1,0.2,512,112,8288,14,4,6393,1599,296,30,30,24,64,0.001,0.0001,0.1,64,4,2,128,temporal_patch,32,none,1.000000;1.000000;1.000000;1.000000,cpu,train_channel_standardization,0.814259,0.813915,0.868243,0.865966,0.136275,0.153193,False
loso_transformer_raw_windows,ChannelTokenTransformer,S21,1,0.2,512,112,8288,14,4,6393,1599,296,30,30,27,64,0.001,0.0001,0.1,64,4,2,128,temporal_patch,32,none,1.000000;1.000000;1.000000;1.000000,cpu,train_channel_standardization,0.818011,0.817957,0.854730,0.855362,0.147622,0.123379,False
loso_transformer_raw_windows,ChannelTokenTransformer,S22,1,0.2,512,112,8288,14,4,6393,1599,296,30,30,27,64,0.001,0.0001,0.1,64,4,2,128,temporal_patch,32,none,1.000000;1.000000;1.000000;1.000000,cpu,train_channel_standardization,0.826141,0.826516,0.881757,0.881078,0.103129,0.127883,False
loso_transformer_raw_windows,ChannelTokenTransformer,S23,1,0.2,512,112,8288,14,4,6393,1599,296,30,30,30,64,0.001,0.0001,0.1,64,4,2,128,temporal_patch,32,none,1.000000;1.000000;1.000000;1.000000,cpu,train_channel_standardization,0.838024,0.838233,0.773649,0.774075,0.117878,0.117878,False
loso_transformer_raw_windows,ChannelTokenTransformer,S24,1,0.2,512,112,8288,14,4,6393,1599,296,30,30,28,64,0.001,0.0001,0.1,64,4,2,128,temporal_patch,32,none,1.000000;1.000000;1.000000;1.000000,cpu,train_channel_standardization,0.824891,0.824768,0.702703,0.702826,0.121773,0.140576,False
loso_transformer_raw_windows,ChannelTokenTransformer,S25,1,0.2,512,112,8288,14,4,6393,1599,296,30,30,28,64,0.001,0.0001,0.1,64,4,2,128,temporal_patch,32,none,1.000000;1.000000;1.000000;1.000000,cpu,train_channel_standardization,0.828643,0.828634,0.831081,0.831271,0.143640,0.120577,False
loso_transformer_raw_windows,ChannelTokenTransformer,S26,1,0.2,512,112,8288,14,4,6393,1599,296,30,30,30,64,0.001,0.0001,0.1,64,4,2,128,temporal_patch,32,none,1.000000;1.000000;1.000000;1.000000,cpu,train_channel_standardization,0.837398,0.837624,0.729730,0.731507,0.129927,0.129927,False
loso_transformer_raw_windows,ChannelTokenTransformer,S27,1,0.2,512,112,8288,14,4,6393,1599,296,30,30,26,64,0.001,0.0001,0.1,64,4,2,128,temporal_patch,32,none,1.000000;1.000000;1.000000;1.000000,cpu,train_channel_standardization,0.815510,0.815734,0.770270,0.770908,0.121220,0.126120,False
loso_transformer_raw_windows,ChannelTokenTransformer,S28,1,0.2,512,112,8288,14,4,6393,1599,296,30,30,28,64,0.001,0.0001,0.1,64,4,2,128,temporal_patch,32,none,1.000000;1.000000;1.000000;1.000000,cpu,train_channel_standardization,0.808630,0.808148,0.783784,0.783654,0.109620,0.148667,False
