subject,n_seeds,mean_accuracy,std_accuracy,mean_macro_f1,std_macro_f1,min_accuracy,max_accuracy
S01,3,0.796171,0.004213,0.794522,0.003943,0.790541,0.800676
S02,3,0.831081,0.019309,0.831873,0.018288,0.804054,0.847973
S03,3,0.881757,0.004778,0.880815,0.005400,0.875000,0.885135
S04,3,0.876126,0.003185,0.875212,0.003144,0.871622,0.878378
S05,3,0.795045,0.019955,0.795487,0.019987,0.766892,0.810811
S06,3,0.849099,0.016854,0.845677,0.018808,0.831081,0.871622
S07,3,0.813063,0.023134,0.811561,0.021820,0.780405,0.831081
S08,3,0.811937,0.006942,0.811327,0.006606,0.804054,0.820946
S09,3,0.740991,0.006942,0.739085,0.005407,0.733108,0.750000
S10,3,0.788288,0.004214,0.787711,0.004979,0.783784,0.793919
S11,3,0.802928,0.020704,0.803274,0.022055,0.777027,0.827703
S12,3,0.747748,0.018776,0.748555,0.018642,0.729730,0.773649
S13,3,0.800676,0.021895,0.800972,0.022625,0.770270,0.820946
S14,3,0.768018,0.046513,0.768350,0.048126,0.702703,0.807432
S15,3,0.805180,0.018367,0.804224,0.018603,0.780405,0.824324
S16,3,0.774775,0.021068,0.775695,0.019347,0.746622,0.797297
S17,3,0.814189,0.002759,0.815030,0.002292,0.810811,0.817568
S18,3,0.808558,0.031732,0.807873,0.032804,0.770270,0.847973
S19,3,0.773649,0.007298,0.771598,0.008593,0.763514,0.780405
S20,3,0.849099,0.013607,0.847878,0.012907,0.837838,0.868243
S21,3,0.850225,0.008867,0.850935,0.008990,0.837838,0.858108
S22,3,0.850225,0.037654,0.849662,0.037594,0.797297,0.881757
S23,3,0.779279,0.004213,0.779649,0.004666,0.773649,0.783784
S24,3,0.745496,0.030384,0.744731,0.029891,0.702703,0.770270
S25,3,0.790541,0.029192,0.789731,0.029837,0.763514,0.831081
S26,3,0.742117,0.022466,0.744300,0.022227,0.722973,0.773649
S27,3,0.783784,0.012641,0.784513,0.012684,0.770270,0.800676
S28,3,0.772523,0.031370,0.771700,0.031116,0.729730,0.804054
