protocol,fold,split,field,value,count,proportion,split_total_windows
subject_dependent,ALL,fit,label,boring,1326,0.249953,5305
subject_dependent,ALL,fit,label,calm,1326,0.249953,5305
subject_dependent,ALL,fit,label,funny,1326,0.249953,5305
subject_dependent,ALL,fit,label,horror,1327,0.250141,5305
subject_dependent,ALL,fit,game,G1,1326,0.249953,5305
subject_dependent,ALL,fit,game,G2,1326,0.249953,5305
subject_dependent,ALL,fit,game,G3,1327,0.250141,5305
subject_dependent,ALL,fit,game,G4,1326,0.249953,5305
subject_dependent,ALL,fit,subject,S01,182,0.034307,5305
subject_dependent,ALL,fit,subject,S02,189,0.035627,5305
subject_dependent,ALL,fit,subject,S03,180,0.033930,5305
subject_dependent,ALL,fit,subject,S04,197,0.037135,5305
subject_dependent,ALL,fit,subject,S05,190,0.035815,5305
subject_dependent,ALL,fit,subject,S06,198,0.037323,5305
subject_dependent,ALL,fit,subject,S07,187,0.035250,5305
subject_dependent,ALL,fit,subject,S08,187,0.035250,5305
subject_dependent,ALL,fit,subject,S09,197,0.037135,5305
subject_dependent,ALL,fit,subject,S10,205,0.038643,5305
subject_dependent,ALL,fit,subject,S11,187,0.035250,5305
subject_dependent,ALL,fit,subject,S12,189,0.035627,5305
subject_dependent,ALL,fit,subject,S13,190,0.035815,5305
subject_dependent,ALL,fit,subject,S14,174,0.032799,5305
subject_dependent,ALL,fit,subject,S15,182,0.034307,5305
subject_dependent,ALL,fit,subject,S16,173,0.032611,5305
subject_dependent,ALL,fit,subject,S17,197,0.037135,5305
subject_dependent,ALL,fit,subject,S18,179,0.033742,5305
subject_dependent,ALL,fit,subject,S19,193,0.036381,5305
subject_dependent,ALL,fit,subject,S20,185,0.034873,5305
subject_dependent,ALL,fit,subject,S21,195,0.036758,5305
subject_dependent,ALL,fit,subject,S22,204,0.038454,5305
subject_dependent,ALL,fit,subject,S23,181,0.034119,5305
subject_dependent,ALL,fit,subject,S24,193,0.036381,5305
subject_dependent,ALL,fit,subject,S25,196,0.036946,5305
subject_dependent,ALL,fit,subject,S26,181,0.034119,5305
subject_dependent,ALL,fit,subject,S27,209,0.039397,5305
subject_dependent,ALL,fit,subject,S28,185,0.034873,5305
subject_dependent,ALL,validation,label,boring,332,0.250188,1327
subject_dependent,ALL,validation,label,calm,332,0.250188,1327
subject_dependent,ALL,validation,label,funny,332,0.250188,1327
subject_dependent,ALL,validation,label,horror,331,0.249435,1327
subject_dependent,ALL,validation,game,G1,332,0.250188,1327
subject_dependent,ALL,validation,game,G2,332,0.250188,1327
subject_dependent,ALL,validation,game,G3,331,0.249435,1327
subject_dependent,ALL,validation,game,G4,332,0.250188,1327
subject_dependent,ALL,validation,subject,S01,43,0.032404,1327
subject_dependent,ALL,validation,subject,S02,52,0.039186,1327
subject_dependent,ALL,validation,subject,S03,57,0.042954,1327
subject_dependent,ALL,validation,subject,S04,44,0.033157,1327
subject_dependent,ALL,validation,subject,S05,51,0.038433,1327
subject_dependent,ALL,validation,subject,S06,40,0.030143,1327
subject_dependent,ALL,validation,subject,S07,47,0.035418,1327
subject_dependent,ALL,validation,subject,S08,45,0.033911,1327
subject_dependent,ALL,validation,subject,S09,46,0.034665,1327
subject_dependent,ALL,validation,subject,S10,43,0.032404,1327
subject_dependent,ALL,validation,subject,S11,55,0.041447,1327
subject_dependent,ALL,validation,subject,S12,44,0.033157,1327
subject_dependent,ALL,validation,subject,S13,53,0.039940,1327
subject_dependent,ALL,validation,subject,S14,58,0.043708,1327
subject_dependent,ALL,validation,subject,S15,49,0.036925,1327
subject_dependent,ALL,validation,subject,S16,55,0.041447,1327
subject_dependent,ALL,validation,subject,S17,43,0.032404,1327
subject_dependent,ALL,validation,subject,S18,58,0.043708,1327
subject_dependent,ALL,validation,subject,S19,41,0.030897,1327
subject_dependent,ALL,validation,subject,S20,50,0.037679,1327
subject_dependent,ALL,validation,subject,S21,45,0.033911,1327
subject_dependent,ALL,validation,subject,S22,39,0.029390,1327
subject_dependent,ALL,validation,subject,S23,52,0.039186,1327
subject_dependent,ALL,validation,subject,S24,43,0.032404,1327
subject_dependent,ALL,validation,subject,S25,33,0.024868,1327
subject_dependent,ALL,validation,subject,S26,54,0.040693,1327
subject_dependent,ALL,validation,subject,S27,34,0.025622,1327
subject_dependent,ALL,validation,subject,S28,53,0.039940,1327
subject_dependent,ALL,test,label,boring,414,0.250000,1656
subject_dependent,ALL,test,label,calm,414,0.250000,1656
subject_dependent,ALL,test,label,funny,414,0.250000,1656
subject_dependent,ALL,test,label,horror,414,0.250000,1656
subject_dependent,ALL,test,game,G1,414,0.250000,1656
subject_dependent,ALL,test,game,G2,414,0.250000,1656
subject_dependent,ALL,test,game,G3,414,0.250000,1656
subject_dependent,ALL,test,game,G4,414,0.250000,1656
subject_dependent,ALL,test,subject,S01,71,0.042874,1656
subject_dependent,ALL,test,subject,S02,55,0.033213,1656
subject_dependent,ALL,test,subject,S03,59,0.035628,1656
subject_dependent,ALL,test,subject,S04,55,0.033213,1656
subject_dependent,ALL,test,subject,S05,55,0.033213,1656
subject_dependent,ALL,test,subject,S06,58,0.035024,1656
subject_dependent,ALL,test,subject,S07,62,0.037440,1656
subject_dependent,ALL,test,subject,S08,64,0.038647,1656
subject_dependent,ALL,test,subject,S09,53,0.032005,1656
subject_dependent,ALL,test,subject,S10,48,0.028986,1656
subject_dependent,ALL,test,subject,S11,54,0.032609,1656
subject_dependent,ALL,test,subject,S12,63,0.038043,1656
subject_dependent,ALL,test,subject,S13,53,0.032005,1656
subject_dependent,ALL,test,subject,S14,64,0.038647,1656
subject_dependent,ALL,test,subject,S15,65,0.039251,1656
subject_dependent,ALL,test,subject,S16,68,0.041063,1656
subject_dependent,ALL,test,subject,S17,56,0.033816,1656
subject_dependent,ALL,test,subject,S18,59,0.035628,1656
subject_dependent,ALL,test,subject,S19,62,0.037440,1656
subject_dependent,ALL,test,subject,S20,61,0.036836,1656
subject_dependent,ALL,test,subject,S21,56,0.033816,1656
subject_dependent,ALL,test,subject,S22,53,0.032005,1656
subject_dependent,ALL,test,subject,S23,63,0.038043,1656
subject_dependent,ALL,test,subject,S24,60,0.036232,1656
subject_dependent,ALL,test,subject,S25,67,0.040459,1656
subject_dependent,ALL,test,subject,S26,61,0.036836,1656
subject_dependent,ALL,test,subject,S27,53,0.032005,1656
subject_dependent,ALL,test,subject,S28,58,0.035024,1656
loso,S01,fit,label,boring,1598,0.249961,6393
loso,S01,fit,label,calm,1598,0.249961,6393
loso,S01,fit,label,funny,1598,0.249961,6393
loso,S01,fit,label,horror,1599,0.250117,6393
loso,S01,fit,game,G1,1598,0.249961,6393
loso,S01,fit,game,G2,1598,0.249961,6393
loso,S01,fit,game,G3,1599,0.250117,6393
loso,S01,fit,game,G4,1598,0.249961,6393
loso,S01,validation,label,boring,400,0.250156,1599
loso,S01,validation,label,calm,400,0.250156,1599
loso,S01,validation,label,funny,400,0.250156,1599
loso,S01,validation,label,horror,399,0.249531,1599
loso,S01,validation,game,G1,400,0.250156,1599
loso,S01,validation,game,G2,400,0.250156,1599
loso,S01,validation,game,G3,399,0.249531,1599
loso,S01,validation,game,G4,400,0.250156,1599
loso,S01,test,label,boring,74,0.250000,296
loso,S01,test,label,calm,74,0.250000,296
loso,S01,test,label,funny,74,0.250000,296
loso,S01,test,label,horror,74,0.250000,296
loso,S01,test,game,G1,74,0.250000,296
loso,S01,test,game,G2,74,0.250000,296
loso,S01,test,game,G3,74,0.250000,296
loso,S01,test,game,G4,74,0.250000,296
loso,S02,fit,label,boring,1598,0.249961,6393
loso,S02,fit,label,calm,1598,0.249961,6393
loso,S02,fit,label,funny,1598,0.249961,6393
loso,S02,fit,label,horror,1599,0.250117,6393
loso,S02,fit,game,G1,1598,0.249961,6393
loso,S02,fit,game,G2,1598,0.249961,6393
loso,S02,fit,game,G3,1599,0.250117,6393
loso,S02,fit,game,G4,1598,0.249961,6393
loso,S02,validation,label,boring,400,0.250156,1599
loso,S02,validation,label,calm,400,0.250156,1599
loso,S02,validation,label,funny,400,0.250156,1599
loso,S02,validation,label,horror,399,0.249531,1599
loso,S02,validation,game,G1,400,0.250156,1599
loso,S02,validation,game,G2,400,0.250156,1599
loso,S02,validation,game,G3,399,0.249531,1599
loso,S02,validation,game,G4,400,0.250156,1599
loso,S02,test,label,boring,74,0.250000,296
loso,S02,test,label,calm,74,0.250000,296
loso,S02,test,label,funny,74,0.250000,296
loso,S02,test,label,horror,74,0.250000,296
loso,S02,test,game,G1,74,0.250000,296
loso,S02,test,game,G2,74,0.250000,296
loso,S02,test,game,G3,74,0.250000,296
loso,S02,test,game,G4,74,0.250000,296
loso,S03,fit,label,boring,1598,0.249961,6393
loso,S03,fit,label,calm,1598,0.249961,6393
loso,S03,fit,label,funny,1598,0.249961,6393
loso,S03,fit,label,horror,1599,0.250117,6393
loso,S03,fit,game,G1,1598,0.249961,6393
loso,S03,fit,game,G2,1598,0.249961,6393
loso,S03,fit,game,G3,1599,0.250117,6393
loso,S03,fit,game,G4,1598,0.249961,6393
loso,S03,validation,label,boring,400,0.250156,1599
loso,S03,validation,label,calm,400,0.250156,1599
loso,S03,validation,label,funny,400,0.250156,1599
loso,S03,validation,label,horror,399,0.249531,1599
loso,S03,validation,game,G1,400,0.250156,1599
loso,S03,validation,game,G2,400,0.250156,1599
loso,S03,validation,game,G3,399,0.249531,1599
loso,S03,validation,game,G4,400,0.250156,1599
loso,S03,test,label,boring,74,0.250000,296
loso,S03,test,label,calm,74,0.250000,296
loso,S03,test,label,funny,74,0.250000,296
loso,S03,test,label,horror,74,0.250000,296
loso,S03,test,game,G1,74,0.250000,296
loso,S03,test,game,G2,74,0.250000,296
loso,S03,test,game,G3,74,0.250000,296
loso,S03,test,game,G4,74,0.250000,296
loso,S04,fit,label,boring,1598,0.249961,6393
loso,S04,fit,label,calm,1598,0.249961,6393
loso,S04,fit,label,funny,1598,0.249961,6393
loso,S04,fit,label,horror,1599,0.250117,6393
loso,S04,fit,game,G1,1598,0.249961,6393
loso,S04,fit,game,G2,1598,0.249961,6393
loso,S04,fit,game,G3,1599,0.250117,6393
loso,S04,fit,game,G4,1598,0.249961,6393
loso,S04,validation,label,boring,400,0.250156,1599
loso,S04,validation,label,calm,400,0.250156,1599
loso,S04,validation,label,funny,400,0.250156,1599
loso,S04,validation,label,horror,399,0.249531,1599
loso,S04,validation,game,G1,400,0.250156,1599
loso,S04,validation,game,G2,400,0.250156,1599
loso,S04,validation,game,G3,399,0.249531,1599
loso,S04,validation,game,G4,400,0.250156,1599
loso,S04,test,label,boring,74,0.250000,296
loso,S04,test,label,calm,74,0.250000,296
loso,S04,test,label,funny,74,0.250000,296
loso,S04,test,label,horror,74,0.250000,296
loso,S04,test,game,G1,74,0.250000,296
loso,S04,test,game,G2,74,0.250000,296
loso,S04,test,game,G3,74,0.250000,296
loso,S04,test,game,G4,74,0.250000,296
loso,S05,fit,label,boring,1598,0.249961,6393
loso,S05,fit,label,calm,1598,0.249961,6393
loso,S05,fit,label,funny,1598,0.249961,6393
loso,S05,fit,label,horror,1599,0.250117,6393
loso,S05,fit,game,G1,1598,0.249961,6393
loso,S05,fit,game,G2,1598,0.249961,6393
loso,S05,fit,game,G3,1599,0.250117,6393
loso,S05,fit,game,G4,1598,0.249961,6393
loso,S05,validation,label,boring,400,0.250156,1599
loso,S05,validation,label,calm,400,0.250156,1599
loso,S05,validation,label,funny,400,0.250156,1599
loso,S05,validation,label,horror,399,0.249531,1599
loso,S05,validation,game,G1,400,0.250156,1599
loso,S05,validation,game,G2,400,0.250156,1599
loso,S05,validation,game,G3,399,0.249531,1599
loso,S05,validation,game,G4,400,0.250156,1599
loso,S05,test,label,boring,74,0.250000,296
loso,S05,test,label,calm,74,0.250000,296
loso,S05,test,label,funny,74,0.250000,296
loso,S05,test,label,horror,74,0.250000,296
loso,S05,test,game,G1,74,0.250000,296
loso,S05,test,game,G2,74,0.250000,296
loso,S05,test,game,G3,74,0.250000,296
loso,S05,test,game,G4,74,0.250000,296
loso,S06,fit,label,boring,1598,0.249961,6393
loso,S06,fit,label,calm,1598,0.249961,6393
loso,S06,fit,label,funny,1598,0.249961,6393
loso,S06,fit,label,horror,1599,0.250117,6393
loso,S06,fit,game,G1,1598,0.249961,6393
loso,S06,fit,game,G2,1598,0.249961,6393
loso,S06,fit,game,G3,1599,0.250117,6393
loso,S06,fit,game,G4,1598,0.249961,6393
loso,S06,validation,label,boring,400,0.250156,1599
loso,S06,validation,label,calm,400,0.250156,1599
loso,S06,validation,label,funny,400,0.250156,1599
loso,S06,validation,label,horror,399,0.249531,1599
loso,S06,validation,game,G1,400,0.250156,1599
loso,S06,validation,game,G2,400,0.250156,1599
loso,S06,validation,game,G3,399,0.249531,1599
loso,S06,validation,game,G4,400,0.250156,1599
loso,S06,test,label,boring,74,0.250000,296
loso,S06,test,label,calm,74,0.250000,296
loso,S06,test,label,funny,74,0.250000,296
loso,S06,test,label,horror,74,0.250000,296
loso,S06,test,game,G1,74,0.250000,296
loso,S06,test,game,G2,74,0.250000,296
loso,S06,test,game,G3,74,0.250000,296
loso,S06,test,game,G4,74,0.250000,296
loso,S07,fit,label,boring,1598,0.249961,6393
loso,S07,fit,label,calm,1598,0.249961,6393
loso,S07,fit,label,funny,1598,0.249961,6393
loso,S07,fit,label,horror,1599,0.250117,6393
loso,S07,fit,game,G1,1598,0.249961,6393
loso,S07,fit,game,G2,1598,0.249961,6393
loso,S07,fit,game,G3,1599,0.250117,6393
loso,S07,fit,game,G4,1598,0.249961,6393
loso,S07,validation,label,boring,400,0.250156,1599
loso,S07,validation,label,calm,400,0.250156,1599
loso,S07,validation,label,funny,400,0.250156,1599
loso,S07,validation,label,horror,399,0.249531,1599
loso,S07,validation,game,G1,400,0.250156,1599
loso,S07,validation,game,G2,400,0.250156,1599
loso,S07,validation,game,G3,399,0.249531,1599
loso,S07,validation,game,G4,400,0.250156,1599
loso,S07,test,label,boring,74,0.250000,296
loso,S07,test,label,calm,74,0.250000,296
loso,S07,test,label,funny,74,0.250000,296
loso,S07,test,label,horror,74,0.250000,296
loso,S07,test,game,G1,74,0.250000,296
loso,S07,test,game,G2,74,0.250000,296
loso,S07,test,game,G3,74,0.250000,296
loso,S07,test,game,G4,74,0.250000,296
loso,S08,fit,label,boring,1598,0.249961,6393
loso,S08,fit,label,calm,1598,0.249961,6393
loso,S08,fit,label,funny,1598,0.249961,6393
loso,S08,fit,label,horror,1599,0.250117,6393
loso,S08,fit,game,G1,1598,0.249961,6393
loso,S08,fit,game,G2,1598,0.249961,6393
loso,S08,fit,game,G3,1599,0.250117,6393
loso,S08,fit,game,G4,1598,0.249961,6393
loso,S08,validation,label,boring,400,0.250156,1599
loso,S08,validation,label,calm,400,0.250156,1599
loso,S08,validation,label,funny,400,0.250156,1599
loso,S08,validation,label,horror,399,0.249531,1599
loso,S08,validation,game,G1,400,0.250156,1599
loso,S08,validation,game,G2,400,0.250156,1599
loso,S08,validation,game,G3,399,0.249531,1599
loso,S08,validation,game,G4,400,0.250156,1599
loso,S08,test,label,boring,74,0.250000,296
loso,S08,test,label,calm,74,0.250000,296
loso,S08,test,label,funny,74,0.250000,296
loso,S08,test,label,horror,74,0.250000,296
loso,S08,test,game,G1,74,0.250000,296
loso,S08,test,game,G2,74,0.250000,296
loso,S08,test,game,G3,74,0.250000,296
loso,S08,test,game,G4,74,0.250000,296
loso,S09,fit,label,boring,1598,0.249961,6393
loso,S09,fit,label,calm,1598,0.249961,6393
loso,S09,fit,label,funny,1598,0.249961,6393
loso,S09,fit,label,horror,1599,0.250117,6393
loso,S09,fit,game,G1,1598,0.249961,6393
loso,S09,fit,game,G2,1598,0.249961,6393
loso,S09,fit,game,G3,1599,0.250117,6393
loso,S09,fit,game,G4,1598,0.249961,6393
loso,S09,validation,label,boring,400,0.250156,1599
loso,S09,validation,label,calm,400,0.250156,1599
loso,S09,validation,label,funny,400,0.250156,1599
loso,S09,validation,label,horror,399,0.249531,1599
loso,S09,validation,game,G1,400,0.250156,1599
loso,S09,validation,game,G2,400,0.250156,1599
loso,S09,validation,game,G3,399,0.249531,1599
loso,S09,validation,game,G4,400,0.250156,1599
loso,S09,test,label,boring,74,0.250000,296
loso,S09,test,label,calm,74,0.250000,296
loso,S09,test,label,funny,74,0.250000,296
loso,S09,test,label,horror,74,0.250000,296
loso,S09,test,game,G1,74,0.250000,296
loso,S09,test,game,G2,74,0.250000,296
loso,S09,test,game,G3,74,0.250000,296
loso,S09,test,game,G4,74,0.250000,296
loso,S10,fit,label,boring,1598,0.249961,6393
loso,S10,fit,label,calm,1598,0.249961,6393
loso,S10,fit,label,funny,1598,0.249961,6393
loso,S10,fit,label,horror,1599,0.250117,6393
loso,S10,fit,game,G1,1598,0.249961,6393
loso,S10,fit,game,G2,1598,0.249961,6393
loso,S10,fit,game,G3,1599,0.250117,6393
loso,S10,fit,game,G4,1598,0.249961,6393
loso,S10,validation,label,boring,400,0.250156,1599
loso,S10,validation,label,calm,400,0.250156,1599
loso,S10,validation,label,funny,400,0.250156,1599
loso,S10,validation,label,horror,399,0.249531,1599
loso,S10,validation,game,G1,400,0.250156,1599
loso,S10,validation,game,G2,400,0.250156,1599
loso,S10,validation,game,G3,399,0.249531,1599
loso,S10,validation,game,G4,400,0.250156,1599
loso,S10,test,label,boring,74,0.250000,296
loso,S10,test,label,calm,74,0.250000,296
loso,S10,test,label,funny,74,0.250000,296
loso,S10,test,label,horror,74,0.250000,296
loso,S10,test,game,G1,74,0.250000,296
loso,S10,test,game,G2,74,0.250000,296
loso,S10,test,game,G3,74,0.250000,296
loso,S10,test,game,G4,74,0.250000,296
loso,S11,fit,label,boring,1598,0.249961,6393
loso,S11,fit,label,calm,1598,0.249961,6393
loso,S11,fit,label,funny,1598,0.249961,6393
loso,S11,fit,label,horror,1599,0.250117,6393
loso,S11,fit,game,G1,1598,0.249961,6393
loso,S11,fit,game,G2,1598,0.249961,6393
loso,S11,fit,game,G3,1599,0.250117,6393
loso,S11,fit,game,G4,1598,0.249961,6393
loso,S11,validation,label,boring,400,0.250156,1599
loso,S11,validation,label,calm,400,0.250156,1599
loso,S11,validation,label,funny,400,0.250156,1599
loso,S11,validation,label,horror,399,0.249531,1599
loso,S11,validation,game,G1,400,0.250156,1599
loso,S11,validation,game,G2,400,0.250156,1599
loso,S11,validation,game,G3,399,0.249531,1599
loso,S11,validation,game,G4,400,0.250156,1599
loso,S11,test,label,boring,74,0.250000,296
loso,S11,test,label,calm,74,0.250000,296
loso,S11,test,label,funny,74,0.250000,296
loso,S11,test,label,horror,74,0.250000,296
loso,S11,test,game,G1,74,0.250000,296
loso,S11,test,game,G2,74,0.250000,296
loso,S11,test,game,G3,74,0.250000,296
loso,S11,test,game,G4,74,0.250000,296
loso,S12,fit,label,boring,1598,0.249961,6393
loso,S12,fit,label,calm,1598,0.249961,6393
loso,S12,fit,label,funny,1598,0.249961,6393
loso,S12,fit,label,horror,1599,0.250117,6393
loso,S12,fit,game,G1,1598,0.249961,6393
loso,S12,fit,game,G2,1598,0.249961,6393
loso,S12,fit,game,G3,1599,0.250117,6393
loso,S12,fit,game,G4,1598,0.249961,6393
loso,S12,validation,label,boring,400,0.250156,1599
loso,S12,validation,label,calm,400,0.250156,1599
loso,S12,validation,label,funny,400,0.250156,1599
loso,S12,validation,label,horror,399,0.249531,1599
loso,S12,validation,game,G1,400,0.250156,1599
loso,S12,validation,game,G2,400,0.250156,1599
loso,S12,validation,game,G3,399,0.249531,1599
loso,S12,validation,game,G4,400,0.250156,1599
loso,S12,test,label,boring,74,0.250000,296
loso,S12,test,label,calm,74,0.250000,296
loso,S12,test,label,funny,74,0.250000,296
loso,S12,test,label,horror,74,0.250000,296
loso,S12,test,game,G1,74,0.250000,296
loso,S12,test,game,G2,74,0.250000,296
loso,S12,test,game,G3,74,0.250000,296
loso,S12,test,game,G4,74,0.250000,296
loso,S13,fit,label,boring,1598,0.249961,6393
loso,S13,fit,label,calm,1598,0.249961,6393
loso,S13,fit,label,funny,1598,0.249961,6393
loso,S13,fit,label,horror,1599,0.250117,6393
loso,S13,fit,game,G1,1598,0.249961,6393
loso,S13,fit,game,G2,1598,0.249961,6393
loso,S13,fit,game,G3,1599,0.250117,6393
loso,S13,fit,game,G4,1598,0.249961,6393
loso,S13,validation,label,boring,400,0.250156,1599
loso,S13,validation,label,calm,400,0.250156,1599
loso,S13,validation,label,funny,400,0.250156,1599
loso,S13,validation,label,horror,399,0.249531,1599
loso,S13,validation,game,G1,400,0.250156,1599
loso,S13,validation,game,G2,400,0.250156,1599
loso,S13,validation,game,G3,399,0.249531,1599
loso,S13,validation,game,G4,400,0.250156,1599
loso,S13,test,label,boring,74,0.250000,296
loso,S13,test,label,calm,74,0.250000,296
loso,S13,test,label,funny,74,0.250000,296
loso,S13,test,label,horror,74,0.250000,296
loso,S13,test,game,G1,74,0.250000,296
loso,S13,test,game,G2,74,0.250000,296
loso,S13,test,game,G3,74,0.250000,296
loso,S13,test,game,G4,74,0.250000,296
loso,S14,fit,label,boring,1598,0.249961,6393
loso,S14,fit,label,calm,1598,0.249961,6393
loso,S14,fit,label,funny,1598,0.249961,6393
loso,S14,fit,label,horror,1599,0.250117,6393
loso,S14,fit,game,G1,1598,0.249961,6393
loso,S14,fit,game,G2,1598,0.249961,6393
loso,S14,fit,game,G3,1599,0.250117,6393
loso,S14,fit,game,G4,1598,0.249961,6393
loso,S14,validation,label,boring,400,0.250156,1599
loso,S14,validation,label,calm,400,0.250156,1599
loso,S14,validation,label,funny,400,0.250156,1599
loso,S14,validation,label,horror,399,0.249531,1599
loso,S14,validation,game,G1,400,0.250156,1599
loso,S14,validation,game,G2,400,0.250156,1599
loso,S14,validation,game,G3,399,0.249531,1599
loso,S14,validation,game,G4,400,0.250156,1599
loso,S14,test,label,boring,74,0.250000,296
loso,S14,test,label,calm,74,0.250000,296
loso,S14,test,label,funny,74,0.250000,296
loso,S14,test,label,horror,74,0.250000,296
loso,S14,test,game,G1,74,0.250000,296
loso,S14,test,game,G2,74,0.250000,296
loso,S14,test,game,G3,74,0.250000,296
loso,S14,test,game,G4,74,0.250000,296
loso,S15,fit,label,boring,1598,0.249961,6393
loso,S15,fit,label,calm,1598,0.249961,6393
loso,S15,fit,label,funny,1598,0.249961,6393
loso,S15,fit,label,horror,1599,0.250117,6393
loso,S15,fit,game,G1,1598,0.249961,6393
loso,S15,fit,game,G2,1598,0.249961,6393
loso,S15,fit,game,G3,1599,0.250117,6393
loso,S15,fit,game,G4,1598,0.249961,6393
loso,S15,validation,label,boring,400,0.250156,1599
loso,S15,validation,label,calm,400,0.250156,1599
loso,S15,validation,label,funny,400,0.250156,1599
loso,S15,validation,label,horror,399,0.249531,1599
loso,S15,validation,game,G1,400,0.250156,1599
loso,S15,validation,game,G2,400,0.250156,1599
loso,S15,validation,game,G3,399,0.249531,1599
loso,S15,validation,game,G4,400,0.250156,1599
loso,S15,test,label,boring,74,0.250000,296
loso,S15,test,label,calm,74,0.250000,296
loso,S15,test,label,funny,74,0.250000,296
loso,S15,test,label,horror,74,0.250000,296
loso,S15,test,game,G1,74,0.250000,296
loso,S15,test,game,G2,74,0.250000,296
loso,S15,test,game,G3,74,0.250000,296
loso,S15,test,game,G4,74,0.250000,296
loso,S16,fit,label,boring,1598,0.249961,6393
loso,S16,fit,label,calm,1598,0.249961,6393
loso,S16,fit,label,funny,1598,0.249961,6393
loso,S16,fit,label,horror,1599,0.250117,6393
loso,S16,fit,game,G1,1598,0.249961,6393
loso,S16,fit,game,G2,1598,0.249961,6393
loso,S16,fit,game,G3,1599,0.250117,6393
loso,S16,fit,game,G4,1598,0.249961,6393
loso,S16,validation,label,boring,400,0.250156,1599
loso,S16,validation,label,calm,400,0.250156,1599
loso,S16,validation,label,funny,400,0.250156,1599
loso,S16,validation,label,horror,399,0.249531,1599
loso,S16,validation,game,G1,400,0.250156,1599
loso,S16,validation,game,G2,400,0.250156,1599
loso,S16,validation,game,G3,399,0.249531,1599
loso,S16,validation,game,G4,400,0.250156,1599
loso,S16,test,label,boring,74,0.250000,296
loso,S16,test,label,calm,74,0.250000,296
loso,S16,test,label,funny,74,0.250000,296
loso,S16,test,label,horror,74,0.250000,296
loso,S16,test,game,G1,74,0.250000,296
loso,S16,test,game,G2,74,0.250000,296
loso,S16,test,game,G3,74,0.250000,296
loso,S16,test,game,G4,74,0.250000,296
loso,S17,fit,label,boring,1598,0.249961,6393
loso,S17,fit,label,calm,1598,0.249961,6393
loso,S17,fit,label,funny,1598,0.249961,6393
loso,S17,fit,label,horror,1599,0.250117,6393
loso,S17,fit,game,G1,1598,0.249961,6393
loso,S17,fit,game,G2,1598,0.249961,6393
loso,S17,fit,game,G3,1599,0.250117,6393
loso,S17,fit,game,G4,1598,0.249961,6393
loso,S17,validation,label,boring,400,0.250156,1599
loso,S17,validation,label,calm,400,0.250156,1599
loso,S17,validation,label,funny,400,0.250156,1599
loso,S17,validation,label,horror,399,0.249531,1599
loso,S17,validation,game,G1,400,0.250156,1599
loso,S17,validation,game,G2,400,0.250156,1599
loso,S17,validation,game,G3,399,0.249531,1599
loso,S17,validation,game,G4,400,0.250156,1599
loso,S17,test,label,boring,74,0.250000,296
loso,S17,test,label,calm,74,0.250000,296
loso,S17,test,label,funny,74,0.250000,296
loso,S17,test,label,horror,74,0.250000,296
loso,S17,test,game,G1,74,0.250000,296
loso,S17,test,game,G2,74,0.250000,296
loso,S17,test,game,G3,74,0.250000,296
loso,S17,test,game,G4,74,0.250000,296
loso,S18,fit,label,boring,1598,0.249961,6393
loso,S18,fit,label,calm,1598,0.249961,6393
loso,S18,fit,label,funny,1598,0.249961,6393
loso,S18,fit,label,horror,1599,0.250117,6393
loso,S18,fit,game,G1,1598,0.249961,6393
loso,S18,fit,game,G2,1598,0.249961,6393
loso,S18,fit,game,G3,1599,0.250117,6393
loso,S18,fit,game,G4,1598,0.249961,6393
loso,S18,validation,label,boring,400,0.250156,1599
loso,S18,validation,label,calm,400,0.250156,1599
loso,S18,validation,label,funny,400,0.250156,1599
loso,S18,validation,label,horror,399,0.249531,1599
loso,S18,validation,game,G1,400,0.250156,1599
loso,S18,validation,game,G2,400,0.250156,1599
loso,S18,validation,game,G3,399,0.249531,1599
loso,S18,validation,game,G4,400,0.250156,1599
loso,S18,test,label,boring,74,0.250000,296
loso,S18,test,label,calm,74,0.250000,296
loso,S18,test,label,funny,74,0.250000,296
loso,S18,test,label,horror,74,0.250000,296
loso,S18,test,game,G1,74,0.250000,296
loso,S18,test,game,G2,74,0.250000,296
loso,S18,test,game,G3,74,0.250000,296
loso,S18,test,game,G4,74,0.250000,296
loso,S19,fit,label,boring,1598,0.249961,6393
loso,S19,fit,label,calm,1598,0.249961,6393
loso,S19,fit,label,funny,1598,0.249961,6393
loso,S19,fit,label,horror,1599,0.250117,6393
loso,S19,fit,game,G1,1598,0.249961,6393
loso,S19,fit,game,G2,1598,0.249961,6393
loso,S19,fit,game,G3,1599,0.250117,6393
loso,S19,fit,game,G4,1598,0.249961,6393
loso,S19,validation,label,boring,400,0.250156,1599
loso,S19,validation,label,calm,400,0.250156,1599
loso,S19,validation,label,funny,400,0.250156,1599
loso,S19,validation,label,horror,399,0.249531,1599
loso,S19,validation,game,G1,400,0.250156,1599
loso,S19,validation,game,G2,400,0.250156,1599
loso,S19,validation,game,G3,399,0.249531,1599
loso,S19,validation,game,G4,400,0.250156,1599
loso,S19,test,label,boring,74,0.250000,296
loso,S19,test,label,calm,74,0.250000,296
loso,S19,test,label,funny,74,0.250000,296
loso,S19,test,label,horror,74,0.250000,296
loso,S19,test,game,G1,74,0.250000,296
loso,S19,test,game,G2,74,0.250000,296
loso,S19,test,game,G3,74,0.250000,296
loso,S19,test,game,G4,74,0.250000,296
loso,S20,fit,label,boring,1598,0.249961,6393
loso,S20,fit,label,calm,1598,0.249961,6393
loso,S20,fit,label,funny,1598,0.249961,6393
loso,S20,fit,label,horror,1599,0.250117,6393
loso,S20,fit,game,G1,1598,0.249961,6393
loso,S20,fit,game,G2,1598,0.249961,6393
loso,S20,fit,game,G3,1599,0.250117,6393
loso,S20,fit,game,G4,1598,0.249961,6393
loso,S20,validation,label,boring,400,0.250156,1599
loso,S20,validation,label,calm,400,0.250156,1599
loso,S20,validation,label,funny,400,0.250156,1599
loso,S20,validation,label,horror,399,0.249531,1599
loso,S20,validation,game,G1,400,0.250156,1599
loso,S20,validation,game,G2,400,0.250156,1599
loso,S20,validation,game,G3,399,0.249531,1599
loso,S20,validation,game,G4,400,0.250156,1599
loso,S20,test,label,boring,74,0.250000,296
loso,S20,test,label,calm,74,0.250000,296
loso,S20,test,label,funny,74,0.250000,296
loso,S20,test,label,horror,74,0.250000,296
loso,S20,test,game,G1,74,0.250000,296
loso,S20,test,game,G2,74,0.250000,296
loso,S20,test,game,G3,74,0.250000,296
loso,S20,test,game,G4,74,0.250000,296
loso,S21,fit,label,boring,1598,0.249961,6393
loso,S21,fit,label,calm,1598,0.249961,6393
loso,S21,fit,label,funny,1598,0.249961,6393
loso,S21,fit,label,horror,1599,0.250117,6393
loso,S21,fit,game,G1,1598,0.249961,6393
loso,S21,fit,game,G2,1598,0.249961,6393
loso,S21,fit,game,G3,1599,0.250117,6393
loso,S21,fit,game,G4,1598,0.249961,6393
loso,S21,validation,label,boring,400,0.250156,1599
loso,S21,validation,label,calm,400,0.250156,1599
loso,S21,validation,label,funny,400,0.250156,1599
loso,S21,validation,label,horror,399,0.249531,1599
loso,S21,validation,game,G1,400,0.250156,1599
loso,S21,validation,game,G2,400,0.250156,1599
loso,S21,validation,game,G3,399,0.249531,1599
loso,S21,validation,game,G4,400,0.250156,1599
loso,S21,test,label,boring,74,0.250000,296
loso,S21,test,label,calm,74,0.250000,296
loso,S21,test,label,funny,74,0.250000,296
loso,S21,test,label,horror,74,0.250000,296
loso,S21,test,game,G1,74,0.250000,296
loso,S21,test,game,G2,74,0.250000,296
loso,S21,test,game,G3,74,0.250000,296
loso,S21,test,game,G4,74,0.250000,296
loso,S22,fit,label,boring,1598,0.249961,6393
loso,S22,fit,label,calm,1598,0.249961,6393
loso,S22,fit,label,funny,1598,0.249961,6393
loso,S22,fit,label,horror,1599,0.250117,6393
loso,S22,fit,game,G1,1598,0.249961,6393
loso,S22,fit,game,G2,1598,0.249961,6393
loso,S22,fit,game,G3,1599,0.250117,6393
loso,S22,fit,game,G4,1598,0.249961,6393
loso,S22,validation,label,boring,400,0.250156,1599
loso,S22,validation,label,calm,400,0.250156,1599
loso,S22,validation,label,funny,400,0.250156,1599
loso,S22,validation,label,horror,399,0.249531,1599
loso,S22,validation,game,G1,400,0.250156,1599
loso,S22,validation,game,G2,400,0.250156,1599
loso,S22,validation,game,G3,399,0.249531,1599
loso,S22,validation,game,G4,400,0.250156,1599
loso,S22,test,label,boring,74,0.250000,296
loso,S22,test,label,calm,74,0.250000,296
loso,S22,test,label,funny,74,0.250000,296
loso,S22,test,label,horror,74,0.250000,296
loso,S22,test,game,G1,74,0.250000,296
loso,S22,test,game,G2,74,0.250000,296
loso,S22,test,game,G3,74,0.250000,296
loso,S22,test,game,G4,74,0.250000,296
loso,S23,fit,label,boring,1598,0.249961,6393
loso,S23,fit,label,calm,1598,0.249961,6393
loso,S23,fit,label,funny,1598,0.249961,6393
loso,S23,fit,label,horror,1599,0.250117,6393
loso,S23,fit,game,G1,1598,0.249961,6393
loso,S23,fit,game,G2,1598,0.249961,6393
loso,S23,fit,game,G3,1599,0.250117,6393
loso,S23,fit,game,G4,1598,0.249961,6393
loso,S23,validation,label,boring,400,0.250156,1599
loso,S23,validation,label,calm,400,0.250156,1599
loso,S23,validation,label,funny,400,0.250156,1599
loso,S23,validation,label,horror,399,0.249531,1599
loso,S23,validation,game,G1,400,0.250156,1599
loso,S23,validation,game,G2,400,0.250156,1599
loso,S23,validation,game,G3,399,0.249531,1599
loso,S23,validation,game,G4,400,0.250156,1599
loso,S23,test,label,boring,74,0.250000,296
loso,S23,test,label,calm,74,0.250000,296
loso,S23,test,label,funny,74,0.250000,296
loso,S23,test,label,horror,74,0.250000,296
loso,S23,test,game,G1,74,0.250000,296
loso,S23,test,game,G2,74,0.250000,296
loso,S23,test,game,G3,74,0.250000,296
loso,S23,test,game,G4,74,0.250000,296
loso,S24,fit,label,boring,1598,0.249961,6393
loso,S24,fit,label,calm,1598,0.249961,6393
loso,S24,fit,label,funny,1598,0.249961,6393
loso,S24,fit,label,horror,1599,0.250117,6393
loso,S24,fit,game,G1,1598,0.249961,6393
loso,S24,fit,game,G2,1598,0.249961,6393
loso,S24,fit,game,G3,1599,0.250117,6393
loso,S24,fit,game,G4,1598,0.249961,6393
loso,S24,validation,label,boring,400,0.250156,1599
loso,S24,validation,label,calm,400,0.250156,1599
loso,S24,validation,label,funny,400,0.250156,1599
loso,S24,validation,label,horror,399,0.249531,1599
loso,S24,validation,game,G1,400,0.250156,1599
loso,S24,validation,game,G2,400,0.250156,1599
loso,S24,validation,game,G3,399,0.249531,1599
loso,S24,validation,game,G4,400,0.250156,1599
loso,S24,test,label,boring,74,0.250000,296
loso,S24,test,label,calm,74,0.250000,296
loso,S24,test,label,funny,74,0.250000,296
loso,S24,test,label,horror,74,0.250000,296
loso,S24,test,game,G1,74,0.250000,296
loso,S24,test,game,G2,74,0.250000,296
loso,S24,test,game,G3,74,0.250000,296
loso,S24,test,game,G4,74,0.250000,296
loso,S25,fit,label,boring,1598,0.249961,6393
loso,S25,fit,label,calm,1598,0.249961,6393
loso,S25,fit,label,funny,1598,0.249961,6393
loso,S25,fit,label,horror,1599,0.250117,6393
loso,S25,fit,game,G1,1598,0.249961,6393
loso,S25,fit,game,G2,1598,0.249961,6393
loso,S25,fit,game,G3,1599,0.250117,6393
loso,S25,fit,game,G4,1598,0.249961,6393
loso,S25,validation,label,boring,400,0.250156,1599
loso,S25,validation,label,calm,400,0.250156,1599
loso,S25,validation,label,funny,400,0.250156,1599
loso,S25,validation,label,horror,399,0.249531,1599
loso,S25,validation,game,G1,400,0.250156,1599
loso,S25,validation,game,G2,400,0.250156,1599
loso,S25,validation,game,G3,399,0.249531,1599
loso,S25,validation,game,G4,400,0.250156,1599
loso,S25,test,label,boring,74,0.250000,296
loso,S25,test,label,calm,74,0.250000,296
loso,S25,test,label,funny,74,0.250000,296
loso,S25,test,label,horror,74,0.250000,296
loso,S25,test,game,G1,74,0.250000,296
loso,S25,test,game,G2,74,0.250000,296
loso,S25,test,game,G3,74,0.250000,296
loso,S25,test,game,G4,74,0.250000,296
loso,S26,fit,label,boring,1598,0.249961,6393
loso,S26,fit,label,calm,1598,0.249961,6393
loso,S26,fit,label,funny,1598,0.249961,6393
loso,S26,fit,label,horror,1599,0.250117,6393
loso,S26,fit,game,G1,1598,0.249961,6393
loso,S26,fit,game,G2,1598,0.249961,6393
loso,S26,fit,game,G3,1599,0.250117,6393
loso,S26,fit,game,G4,1598,0.249961,6393
loso,S26,validation,label,boring,400,0.250156,1599
loso,S26,validation,label,calm,400,0.250156,1599
loso,S26,validation,label,funny,400,0.250156,1599
loso,S26,validation,label,horror,399,0.249531,1599
loso,S26,validation,game,G1,400,0.250156,1599
loso,S26,validation,game,G2,400,0.250156,1599
loso,S26,validation,game,G3,399,0.249531,1599
loso,S26,validation,game,G4,400,0.250156,1599
loso,S26,test,label,boring,74,0.250000,296
loso,S26,test,label,calm,74,0.250000,296
loso,S26,test,label,funny,74,0.250000,296
loso,S26,test,label,horror,74,0.250000,296
loso,S26,test,game,G1,74,0.250000,296
loso,S26,test,game,G2,74,0.250000,296
loso,S26,test,game,G3,74,0.250000,296
loso,S26,test,game,G4,74,0.250000,296
loso,S27,fit,label,boring,1598,0.249961,6393
loso,S27,fit,label,calm,1598,0.249961,6393
loso,S27,fit,label,funny,1598,0.249961,6393
loso,S27,fit,label,horror,1599,0.250117,6393
loso,S27,fit,game,G1,1598,0.249961,6393
loso,S27,fit,game,G2,1598,0.249961,6393
loso,S27,fit,game,G3,1599,0.250117,6393
loso,S27,fit,game,G4,1598,0.249961,6393
loso,S27,validation,label,boring,400,0.250156,1599
loso,S27,validation,label,calm,400,0.250156,1599
loso,S27,validation,label,funny,400,0.250156,1599
loso,S27,validation,label,horror,399,0.249531,1599
loso,S27,validation,game,G1,400,0.250156,1599
loso,S27,validation,game,G2,400,0.250156,1599
loso,S27,validation,game,G3,399,0.249531,1599
loso,S27,validation,game,G4,400,0.250156,1599
loso,S27,test,label,boring,74,0.250000,296
loso,S27,test,label,calm,74,0.250000,296
loso,S27,test,label,funny,74,0.250000,296
loso,S27,test,label,horror,74,0.250000,296
loso,S27,test,game,G1,74,0.250000,296
loso,S27,test,game,G2,74,0.250000,296
loso,S27,test,game,G3,74,0.250000,296
loso,S27,test,game,G4,74,0.250000,296
loso,S28,fit,label,boring,1598,0.249961,6393
loso,S28,fit,label,calm,1598,0.249961,6393
loso,S28,fit,label,funny,1598,0.249961,6393
loso,S28,fit,label,horror,1599,0.250117,6393
loso,S28,fit,game,G1,1598,0.249961,6393
loso,S28,fit,game,G2,1598,0.249961,6393
loso,S28,fit,game,G3,1599,0.250117,6393
loso,S28,fit,game,G4,1598,0.249961,6393
loso,S28,validation,label,boring,400,0.250156,1599
loso,S28,validation,label,calm,400,0.250156,1599
loso,S28,validation,label,funny,400,0.250156,1599
loso,S28,validation,label,horror,399,0.249531,1599
loso,S28,validation,game,G1,400,0.250156,1599
loso,S28,validation,game,G2,400,0.250156,1599
loso,S28,validation,game,G3,399,0.249531,1599
loso,S28,validation,game,G4,400,0.250156,1599
loso,S28,test,label,boring,74,0.250000,296
loso,S28,test,label,calm,74,0.250000,296
loso,S28,test,label,funny,74,0.250000,296
loso,S28,test,label,horror,74,0.250000,296
loso,S28,test,game,G1,74,0.250000,296
loso,S28,test,game,G2,74,0.250000,296
loso,S28,test,game,G3,74,0.250000,296
loso,S28,test,game,G4,74,0.250000,296
