protocol,fold,fit_windows,validation_windows,test_windows,test_subjects,train_subjects
subject_dependent,ALL,5305,1327,1656,28,28
loso,S01,6393,1599,296,1,27
loso,S02,6393,1599,296,1,27
loso,S03,6393,1599,296,1,27
loso,S04,6393,1599,296,1,27
loso,S05,6393,1599,296,1,27
loso,S06,6393,1599,296,1,27
loso,S07,6393,1599,296,1,27
loso,S08,6393,1599,296,1,27
loso,S09,6393,1599,296,1,27
loso,S10,6393,1599,296,1,27
loso,S11,6393,1599,296,1,27
loso,S12,6393,1599,296,1,27
loso,S13,6393,1599,296,1,27
loso,S14,6393,1599,296,1,27
loso,S15,6393,1599,296,1,27
loso,S16,6393,1599,296,1,27
loso,S17,6393,1599,296,1,27
loso,S18,6393,1599,296,1,27
loso,S19,6393,1599,296,1,27
loso,S20,6393,1599,296,1,27
loso,S21,6393,1599,296,1,27
loso,S22,6393,1599,296,1,27
loso,S23,6393,1599,296,1,27
loso,S24,6393,1599,296,1,27
loso,S25,6393,1599,296,1,27
loso,S26,6393,1599,296,1,27
loso,S27,6393,1599,296,1,27
loso,S28,6393,1599,296,1,27
