seed,protocol,subject_id,window_index,y_true,y_pred,correct
4,subject_dependent_matched_budget,S01,42,0,0,True
4,subject_dependent_matched_budget,S01,45,0,0,True
4,subject_dependent_matched_budget,S01,68,0,0,True
4,subject_dependent_matched_budget,S01,112,1,1,True
4,subject_dependent_matched_budget,S01,117,1,1,True
4,subject_dependent_matched_budget,S01,147,1,1,True
4,subject_dependent_matched_budget,S01,155,2,2,True
4,subject_dependent_matched_budget,S01,158,2,2,True
4,subject_dependent_matched_budget,S01,181,2,2,True
4,subject_dependent_matched_budget,S01,250,3,3,True
4,subject_dependent_matched_budget,S01,274,3,3,True
4,subject_dependent_matched_budget,S01,280,3,3,True
4,subject_dependent_matched_budget,S01,286,3,3,True
4,subject_dependent_matched_budget,S01,289,3,3,True
4,subject_dependent_matched_budget,S01,291,3,3,True
4,subject_dependent_matched_budget,S02,328,0,0,True
4,subject_dependent_matched_budget,S02,340,0,0,True
4,subject_dependent_matched_budget,S02,364,0,1,False
4,subject_dependent_matched_budget,S02,365,0,0,True
4,subject_dependent_matched_budget,S02,398,1,1,True
4,subject_dependent_matched_budget,S02,435,1,1,True
4,subject_dependent_matched_budget,S02,437,1,1,True
4,subject_dependent_matched_budget,S02,442,1,2,False
4,subject_dependent_matched_budget,S02,476,2,2,True
4,subject_dependent_matched_budget,S02,498,2,2,True
4,subject_dependent_matched_budget,S02,563,3,3,True
4,subject_dependent_matched_budget,S02,580,3,3,True
4,subject_dependent_matched_budget,S03,598,0,0,True
4,subject_dependent_matched_budget,S03,623,0,0,True
4,subject_dependent_matched_budget,S03,629,0,1,False
4,subject_dependent_matched_budget,S03,648,0,0,True
4,subject_dependent_matched_budget,S03,662,0,0,True
4,subject_dependent_matched_budget,S03,665,0,0,True
4,subject_dependent_matched_budget,S03,748,2,2,True
4,subject_dependent_matched_budget,S03,772,2,2,True
4,subject_dependent_matched_budget,S03,782,2,3,False
4,subject_dependent_matched_budget,S03,783,2,2,True
4,subject_dependent_matched_budget,S03,812,2,2,True
4,subject_dependent_matched_budget,S03,827,3,3,True
4,subject_dependent_matched_budget,S03,829,3,3,True
4,subject_dependent_matched_budget,S03,859,3,3,True
4,subject_dependent_matched_budget,S03,865,3,3,True
4,subject_dependent_matched_budget,S03,880,3,3,True
4,subject_dependent_matched_budget,S03,883,3,3,True
4,subject_dependent_matched_budget,S04,889,0,2,False
4,subject_dependent_matched_budget,S04,912,0,0,True
4,subject_dependent_matched_budget,S04,921,0,0,True
4,subject_dependent_matched_budget,S04,992,1,1,True
4,subject_dependent_matched_budget,S04,1056,2,2,True
4,subject_dependent_matched_budget,S04,1065,2,2,True
4,subject_dependent_matched_budget,S04,1075,2,2,True
4,subject_dependent_matched_budget,S04,1088,2,2,True
4,subject_dependent_matched_budget,S04,1149,3,3,True
4,subject_dependent_matched_budget,S05,1206,0,3,False
4,subject_dependent_matched_budget,S05,1279,1,1,True
4,subject_dependent_matched_budget,S05,1290,1,3,False
4,subject_dependent_matched_budget,S05,1293,1,1,True
4,subject_dependent_matched_budget,S05,1350,2,2,True
4,subject_dependent_matched_budget,S05,1370,2,1,False
4,subject_dependent_matched_budget,S05,1406,3,3,True
4,subject_dependent_matched_budget,S05,1409,3,3,True
4,subject_dependent_matched_budget,S05,1413,3,3,True
4,subject_dependent_matched_budget,S05,1426,3,2,False
4,subject_dependent_matched_budget,S05,1437,3,3,True
4,subject_dependent_matched_budget,S06,1522,0,0,True
4,subject_dependent_matched_budget,S06,1572,1,1,True
4,subject_dependent_matched_budget,S06,1577,1,1,True
4,subject_dependent_matched_budget,S06,1647,2,2,True
4,subject_dependent_matched_budget,S06,1712,3,2,False
4,subject_dependent_matched_budget,S06,1750,3,3,True
4,subject_dependent_matched_budget,S07,1785,0,0,True
4,subject_dependent_matched_budget,S07,1821,0,0,True
4,subject_dependent_matched_budget,S07,1895,1,1,True
4,subject_dependent_matched_budget,S07,1909,1,1,True
4,subject_dependent_matched_budget,S07,2026,3,3,True
4,subject_dependent_matched_budget,S07,2052,3,3,True
4,subject_dependent_matched_budget,S07,2053,3,3,True
4,subject_dependent_matched_budget,S08,2164,1,1,True
4,subject_dependent_matched_budget,S08,2191,1,1,True
4,subject_dependent_matched_budget,S08,2201,1,0,False
4,subject_dependent_matched_budget,S08,2230,2,3,False
4,subject_dependent_matched_budget,S08,2232,2,2,True
4,subject_dependent_matched_budget,S08,2290,2,0,False
4,subject_dependent_matched_budget,S08,2340,3,1,False
4,subject_dependent_matched_budget,S08,2360,3,3,True
4,subject_dependent_matched_budget,S09,2379,0,0,True
4,subject_dependent_matched_budget,S09,2418,0,2,False
4,subject_dependent_matched_budget,S09,2422,0,0,True
4,subject_dependent_matched_budget,S09,2439,0,0,True
4,subject_dependent_matched_budget,S09,2472,1,2,False
4,subject_dependent_matched_budget,S09,2493,1,1,True
4,subject_dependent_matched_budget,S09,2588,2,2,True
4,subject_dependent_matched_budget,S09,2606,3,2,False
4,subject_dependent_matched_budget,S09,2655,3,3,True
4,subject_dependent_matched_budget,S10,2791,1,1,True
4,subject_dependent_matched_budget,S10,2896,3,1,False
4,subject_dependent_matched_budget,S10,2959,3,0,False
4,subject_dependent_matched_budget,S11,2960,0,0,True
4,subject_dependent_matched_budget,S11,2990,0,0,True
4,subject_dependent_matched_budget,S11,3027,0,0,True
4,subject_dependent_matched_budget,S11,3071,1,1,True
4,subject_dependent_matched_budget,S11,3082,1,3,False
4,subject_dependent_matched_budget,S11,3112,2,2,True
4,subject_dependent_matched_budget,S11,3120,2,2,True
4,subject_dependent_matched_budget,S11,3121,2,2,True
4,subject_dependent_matched_budget,S11,3131,2,2,True
4,subject_dependent_matched_budget,S11,3146,2,2,True
4,subject_dependent_matched_budget,S11,3150,2,2,True
4,subject_dependent_matched_budget,S11,3151,2,2,True
4,subject_dependent_matched_budget,S11,3200,3,3,True
4,subject_dependent_matched_budget,S11,3219,3,3,True
4,subject_dependent_matched_budget,S11,3222,3,3,True
4,subject_dependent_matched_budget,S11,3249,3,3,True
4,subject_dependent_matched_budget,S12,3257,0,2,False
4,subject_dependent_matched_budget,S12,3300,0,1,False
4,subject_dependent_matched_budget,S12,3359,1,2,False
4,subject_dependent_matched_budget,S12,3366,1,2,False
4,subject_dependent_matched_budget,S12,3376,1,1,True
4,subject_dependent_matched_budget,S12,3391,1,1,True
4,subject_dependent_matched_budget,S12,3420,2,2,True
4,subject_dependent_matched_budget,S12,3421,2,2,True
4,subject_dependent_matched_budget,S12,3437,2,2,True
4,subject_dependent_matched_budget,S12,3444,2,2,True
4,subject_dependent_matched_budget,S12,3472,2,2,True
4,subject_dependent_matched_budget,S12,3491,3,3,True
4,subject_dependent_matched_budget,S12,3500,3,3,True
4,subject_dependent_matched_budget,S12,3535,3,3,True
4,subject_dependent_matched_budget,S12,3546,3,3,True
4,subject_dependent_matched_budget,S13,3600,0,0,True
4,subject_dependent_matched_budget,S13,3607,0,3,False
4,subject_dependent_matched_budget,S13,3622,0,0,True
4,subject_dependent_matched_budget,S13,3666,1,1,True
4,subject_dependent_matched_budget,S13,3675,1,1,True
4,subject_dependent_matched_budget,S13,3680,1,1,True
4,subject_dependent_matched_budget,S13,3685,1,1,True
4,subject_dependent_matched_budget,S13,3768,2,2,True
4,subject_dependent_matched_budget,S13,3780,3,3,True
4,subject_dependent_matched_budget,S13,3839,3,3,True
4,subject_dependent_matched_budget,S14,3894,0,0,True
4,subject_dependent_matched_budget,S14,3896,0,0,True
4,subject_dependent_matched_budget,S14,3926,1,1,True
4,subject_dependent_matched_budget,S14,3956,1,3,False
4,subject_dependent_matched_budget,S14,4046,2,2,True
4,subject_dependent_matched_budget,S14,4049,2,2,True
4,subject_dependent_matched_budget,S14,4129,3,3,True
4,subject_dependent_matched_budget,S15,4196,0,1,False
4,subject_dependent_matched_budget,S15,4234,1,0,False
4,subject_dependent_matched_budget,S15,4278,1,2,False
4,subject_dependent_matched_budget,S15,4342,2,2,True
4,subject_dependent_matched_budget,S15,4371,3,3,True
4,subject_dependent_matched_budget,S15,4406,3,3,True
4,subject_dependent_matched_budget,S15,4438,3,3,True
4,subject_dependent_matched_budget,S16,4449,0,1,False
4,subject_dependent_matched_budget,S16,4482,0,0,True
4,subject_dependent_matched_budget,S16,4484,0,0,True
4,subject_dependent_matched_budget,S16,4542,1,0,False
4,subject_dependent_matched_budget,S16,4586,1,2,False
4,subject_dependent_matched_budget,S16,4603,2,2,True
4,subject_dependent_matched_budget,S16,4611,2,1,False
4,subject_dependent_matched_budget,S16,4628,2,2,True
4,subject_dependent_matched_budget,S16,4629,2,2,True
4,subject_dependent_matched_budget,S16,4634,2,2,True
4,subject_dependent_matched_budget,S16,4641,2,2,True
4,subject_dependent_matched_budget,S16,4657,2,3,False
4,subject_dependent_matched_budget,S16,4661,2,3,False
4,subject_dependent_matched_budget,S16,4731,3,3,True
4,subject_dependent_matched_budget,S17,4740,0,0,True
4,subject_dependent_matched_budget,S17,4766,0,0,True
4,subject_dependent_matched_budget,S17,4793,0,0,True
4,subject_dependent_matched_budget,S17,4859,1,1,True
4,subject_dependent_matched_budget,S17,4928,2,2,True
4,subject_dependent_matched_budget,S17,4935,2,2,True
4,subject_dependent_matched_budget,S17,4968,3,3,True
4,subject_dependent_matched_budget,S18,5035,0,0,True
4,subject_dependent_matched_budget,S18,5062,0,0,True
4,subject_dependent_matched_budget,S18,5076,0,0,True
4,subject_dependent_matched_budget,S18,5080,0,0,True
4,subject_dependent_matched_budget,S18,5081,0,0,True
4,subject_dependent_matched_budget,S18,5102,0,0,True
4,subject_dependent_matched_budget,S18,5119,1,3,False
4,subject_dependent_matched_budget,S18,5124,1,1,True
4,subject_dependent_matched_budget,S18,5144,1,1,True
4,subject_dependent_matched_budget,S18,5176,1,1,True
4,subject_dependent_matched_budget,S18,5179,1,1,True
4,subject_dependent_matched_budget,S18,5181,2,2,True
4,subject_dependent_matched_budget,S18,5204,2,2,True
4,subject_dependent_matched_budget,S18,5253,2,2,True
4,subject_dependent_matched_budget,S18,5272,3,3,True
4,subject_dependent_matched_budget,S18,5279,3,3,True
4,subject_dependent_matched_budget,S18,5289,3,3,True
4,subject_dependent_matched_budget,S19,5366,0,1,False
4,subject_dependent_matched_budget,S19,5387,0,1,False
4,subject_dependent_matched_budget,S19,5444,1,0,False
4,subject_dependent_matched_budget,S19,5449,1,2,False
4,subject_dependent_matched_budget,S19,5471,1,0,False
4,subject_dependent_matched_budget,S19,5475,1,3,False
4,subject_dependent_matched_budget,S19,5483,2,3,False
4,subject_dependent_matched_budget,S19,5522,2,2,True
4,subject_dependent_matched_budget,S19,5526,2,2,True
4,subject_dependent_matched_budget,S19,5590,3,3,True
4,subject_dependent_matched_budget,S19,5608,3,3,True
4,subject_dependent_matched_budget,S20,5627,0,0,True
4,subject_dependent_matched_budget,S20,5647,0,0,True
4,subject_dependent_matched_budget,S20,5649,0,0,True
4,subject_dependent_matched_budget,S20,5680,0,0,True
4,subject_dependent_matched_budget,S20,5700,1,1,True
4,subject_dependent_matched_budget,S20,5707,1,1,True
4,subject_dependent_matched_budget,S20,5753,1,1,True
4,subject_dependent_matched_budget,S20,5786,2,2,True
4,subject_dependent_matched_budget,S20,5826,2,2,True
4,subject_dependent_matched_budget,S21,5933,0,0,True
4,subject_dependent_matched_budget,S21,5970,0,0,True
4,subject_dependent_matched_budget,S21,5978,0,0,True
4,subject_dependent_matched_budget,S21,6021,1,1,True
4,subject_dependent_matched_budget,S21,6029,1,1,True
4,subject_dependent_matched_budget,S21,6099,2,2,True
4,subject_dependent_matched_budget,S21,6121,2,3,False
4,subject_dependent_matched_budget,S21,6138,2,3,False
4,subject_dependent_matched_budget,S21,6172,3,3,True
4,subject_dependent_matched_budget,S21,6189,3,3,True
4,subject_dependent_matched_budget,S22,6279,0,0,True
4,subject_dependent_matched_budget,S22,6289,0,0,True
4,subject_dependent_matched_budget,S22,6303,1,1,True
4,subject_dependent_matched_budget,S22,6304,1,1,True
4,subject_dependent_matched_budget,S22,6315,1,1,True
4,subject_dependent_matched_budget,S22,6374,2,2,True
4,subject_dependent_matched_budget,S22,6405,2,2,True
4,subject_dependent_matched_budget,S22,6418,2,2,True
4,subject_dependent_matched_budget,S22,6472,3,3,True
4,subject_dependent_matched_budget,S23,6522,0,0,True
4,subject_dependent_matched_budget,S23,6574,0,0,True
4,subject_dependent_matched_budget,S23,6584,0,0,True
4,subject_dependent_matched_budget,S23,6608,1,1,True
4,subject_dependent_matched_budget,S23,6622,1,3,False
4,subject_dependent_matched_budget,S23,6680,2,2,True
4,subject_dependent_matched_budget,S23,6717,2,2,True
4,subject_dependent_matched_budget,S23,6745,3,3,True
4,subject_dependent_matched_budget,S23,6779,3,3,True
4,subject_dependent_matched_budget,S23,6780,3,3,True
4,subject_dependent_matched_budget,S24,6822,0,0,True
4,subject_dependent_matched_budget,S24,6838,0,0,True
4,subject_dependent_matched_budget,S24,6898,1,0,False
4,subject_dependent_matched_budget,S24,6940,1,1,True
4,subject_dependent_matched_budget,S24,6974,2,2,True
4,subject_dependent_matched_budget,S24,6975,2,2,True
4,subject_dependent_matched_budget,S24,6982,2,2,True
4,subject_dependent_matched_budget,S24,6988,2,2,True
4,subject_dependent_matched_budget,S24,6991,2,3,False
4,subject_dependent_matched_budget,S24,7044,3,3,True
4,subject_dependent_matched_budget,S24,7090,3,3,True
4,subject_dependent_matched_budget,S25,7112,0,0,True
4,subject_dependent_matched_budget,S25,7122,0,0,True
4,subject_dependent_matched_budget,S25,7141,0,0,True
4,subject_dependent_matched_budget,S25,7161,0,0,True
4,subject_dependent_matched_budget,S25,7215,1,1,True
4,subject_dependent_matched_budget,S25,7218,1,2,False
4,subject_dependent_matched_budget,S25,7252,2,2,True
4,subject_dependent_matched_budget,S25,7342,3,2,False
4,subject_dependent_matched_budget,S25,7359,3,3,True
4,subject_dependent_matched_budget,S25,7373,3,3,True
4,subject_dependent_matched_budget,S25,7381,3,1,False
4,subject_dependent_matched_budget,S26,7404,0,2,False
4,subject_dependent_matched_budget,S26,7499,1,2,False
4,subject_dependent_matched_budget,S26,7533,1,1,True
4,subject_dependent_matched_budget,S26,7539,1,2,False
4,subject_dependent_matched_budget,S26,7554,2,2,True
4,subject_dependent_matched_budget,S26,7593,2,2,True
4,subject_dependent_matched_budget,S26,7594,2,2,True
4,subject_dependent_matched_budget,S26,7640,3,3,True
4,subject_dependent_matched_budget,S26,7655,3,3,True
4,subject_dependent_matched_budget,S26,7671,3,3,True
4,subject_dependent_matched_budget,S26,7676,3,3,True
4,subject_dependent_matched_budget,S26,7684,3,2,False
4,subject_dependent_matched_budget,S27,7738,0,0,True
4,subject_dependent_matched_budget,S27,7776,1,1,True
4,subject_dependent_matched_budget,S27,7781,1,1,True
4,subject_dependent_matched_budget,S27,7782,1,3,False
4,subject_dependent_matched_budget,S27,7786,1,1,True
4,subject_dependent_matched_budget,S27,7790,1,0,False
4,subject_dependent_matched_budget,S27,7812,1,1,True
4,subject_dependent_matched_budget,S27,7838,1,1,True
4,subject_dependent_matched_budget,S27,7893,2,3,False
4,subject_dependent_matched_budget,S27,7903,2,2,True
4,subject_dependent_matched_budget,S27,7954,3,3,True
4,subject_dependent_matched_budget,S27,7972,3,3,True
4,subject_dependent_matched_budget,S27,7978,3,3,True
4,subject_dependent_matched_budget,S28,8021,0,2,False
4,subject_dependent_matched_budget,S28,8032,0,0,True
4,subject_dependent_matched_budget,S28,8039,0,0,True
4,subject_dependent_matched_budget,S28,8047,0,3,False
4,subject_dependent_matched_budget,S28,8065,0,2,False
4,subject_dependent_matched_budget,S28,8073,1,1,True
4,subject_dependent_matched_budget,S28,8125,1,3,False
4,subject_dependent_matched_budget,S28,8132,1,1,True
4,subject_dependent_matched_budget,S28,8271,3,3,True
4,subject_dependent_matched_budget,S28,8276,3,3,True
