protocol,feature_set,model_name,heldout_subject,true_label,predicted_label,count,normalized_by_true
subject_dependent,statistical,LogisticRegression,ALL,boring,boring,363,0.435252
subject_dependent,statistical,LogisticRegression,ALL,boring,calm,165,0.197842
subject_dependent,statistical,LogisticRegression,ALL,boring,horror,126,0.151079
subject_dependent,statistical,LogisticRegression,ALL,boring,funny,180,0.215827
subject_dependent,statistical,LogisticRegression,ALL,calm,boring,230,0.275779
subject_dependent,statistical,LogisticRegression,ALL,calm,calm,260,0.311751
subject_dependent,statistical,LogisticRegression,ALL,calm,horror,162,0.194245
subject_dependent,statistical,LogisticRegression,ALL,calm,funny,182,0.218225
subject_dependent,statistical,LogisticRegression,ALL,horror,boring,167,0.200240
subject_dependent,statistical,LogisticRegression,ALL,horror,calm,148,0.177458
subject_dependent,statistical,LogisticRegression,ALL,horror,horror,305,0.365707
subject_dependent,statistical,LogisticRegression,ALL,horror,funny,214,0.256595
subject_dependent,statistical,LogisticRegression,ALL,funny,boring,199,0.238609
subject_dependent,statistical,LogisticRegression,ALL,funny,calm,126,0.151079
subject_dependent,statistical,LogisticRegression,ALL,funny,horror,182,0.218225
subject_dependent,statistical,LogisticRegression,ALL,funny,funny,327,0.392086
subject_dependent,statistical,LinearSVM,ALL,boring,boring,380,0.455635
subject_dependent,statistical,LinearSVM,ALL,boring,calm,160,0.191847
subject_dependent,statistical,LinearSVM,ALL,boring,horror,115,0.137890
subject_dependent,statistical,LinearSVM,ALL,boring,funny,179,0.214628
subject_dependent,statistical,LinearSVM,ALL,calm,boring,245,0.293765
subject_dependent,statistical,LinearSVM,ALL,calm,calm,245,0.293765
subject_dependent,statistical,LinearSVM,ALL,calm,horror,156,0.187050
subject_dependent,statistical,LinearSVM,ALL,calm,funny,188,0.225420
subject_dependent,statistical,LinearSVM,ALL,horror,boring,184,0.220624
subject_dependent,statistical,LinearSVM,ALL,horror,calm,135,0.161871
subject_dependent,statistical,LinearSVM,ALL,horror,horror,308,0.369305
subject_dependent,statistical,LinearSVM,ALL,horror,funny,207,0.248201
subject_dependent,statistical,LinearSVM,ALL,funny,boring,216,0.258993
subject_dependent,statistical,LinearSVM,ALL,funny,calm,124,0.148681
subject_dependent,statistical,LinearSVM,ALL,funny,horror,177,0.212230
subject_dependent,statistical,LinearSVM,ALL,funny,funny,317,0.380096
loso,statistical,LogisticRegression,ALL,boring,boring,1566,0.375360
loso,statistical,LogisticRegression,ALL,boring,calm,848,0.203260
loso,statistical,LogisticRegression,ALL,boring,horror,699,0.167546
loso,statistical,LogisticRegression,ALL,boring,funny,1059,0.253835
loso,statistical,LogisticRegression,ALL,calm,boring,1209,0.289789
loso,statistical,LogisticRegression,ALL,calm,calm,1081,0.259108
loso,statistical,LogisticRegression,ALL,calm,horror,822,0.197028
loso,statistical,LogisticRegression,ALL,calm,funny,1060,0.254075
loso,statistical,LogisticRegression,ALL,horror,boring,1036,0.248322
loso,statistical,LogisticRegression,ALL,horror,calm,667,0.159875
loso,statistical,LogisticRegression,ALL,horror,horror,1311,0.314238
loso,statistical,LogisticRegression,ALL,horror,funny,1158,0.277565
loso,statistical,LogisticRegression,ALL,funny,boring,1103,0.264382
loso,statistical,LogisticRegression,ALL,funny,calm,693,0.166107
loso,statistical,LogisticRegression,ALL,funny,horror,972,0.232982
loso,statistical,LogisticRegression,ALL,funny,funny,1404,0.336529
loso,statistical,LinearSVM,ALL,boring,boring,1653,0.396213
loso,statistical,LinearSVM,ALL,boring,calm,818,0.196069
loso,statistical,LinearSVM,ALL,boring,horror,646,0.154842
loso,statistical,LinearSVM,ALL,boring,funny,1055,0.252876
loso,statistical,LinearSVM,ALL,calm,boring,1287,0.308485
loso,statistical,LinearSVM,ALL,calm,calm,1055,0.252876
loso,statistical,LinearSVM,ALL,calm,horror,793,0.190077
loso,statistical,LinearSVM,ALL,calm,funny,1037,0.248562
loso,statistical,LinearSVM,ALL,horror,boring,1131,0.271093
loso,statistical,LinearSVM,ALL,horror,calm,658,0.157718
loso,statistical,LinearSVM,ALL,horror,horror,1273,0.305129
loso,statistical,LinearSVM,ALL,horror,funny,1110,0.266059
loso,statistical,LinearSVM,ALL,funny,boring,1149,0.275407
loso,statistical,LinearSVM,ALL,funny,calm,689,0.165149
loso,statistical,LinearSVM,ALL,funny,horror,963,0.230825
loso,statistical,LinearSVM,ALL,funny,funny,1371,0.328619
subject_dependent,bandpower,LogisticRegression,ALL,boring,boring,448,0.537170
subject_dependent,bandpower,LogisticRegression,ALL,boring,calm,153,0.183453
subject_dependent,bandpower,LogisticRegression,ALL,boring,horror,112,0.134293
subject_dependent,bandpower,LogisticRegression,ALL,boring,funny,121,0.145084
subject_dependent,bandpower,LogisticRegression,ALL,calm,boring,189,0.226619
subject_dependent,bandpower,LogisticRegression,ALL,calm,calm,341,0.408873
subject_dependent,bandpower,LogisticRegression,ALL,calm,horror,176,0.211031
subject_dependent,bandpower,LogisticRegression,ALL,calm,funny,128,0.153477
subject_dependent,bandpower,LogisticRegression,ALL,horror,boring,132,0.158273
subject_dependent,bandpower,LogisticRegression,ALL,horror,calm,129,0.154676
subject_dependent,bandpower,LogisticRegression,ALL,horror,horror,460,0.551559
subject_dependent,bandpower,LogisticRegression,ALL,horror,funny,113,0.135492
subject_dependent,bandpower,LogisticRegression,ALL,funny,boring,153,0.183453
subject_dependent,bandpower,LogisticRegression,ALL,funny,calm,120,0.143885
subject_dependent,bandpower,LogisticRegression,ALL,funny,horror,170,0.203837
subject_dependent,bandpower,LogisticRegression,ALL,funny,funny,391,0.468825
subject_dependent,bandpower,LinearSVM,ALL,boring,boring,432,0.517986
subject_dependent,bandpower,LinearSVM,ALL,boring,calm,147,0.176259
subject_dependent,bandpower,LinearSVM,ALL,boring,horror,118,0.141487
subject_dependent,bandpower,LinearSVM,ALL,boring,funny,137,0.164269
subject_dependent,bandpower,LinearSVM,ALL,calm,boring,171,0.205036
subject_dependent,bandpower,LinearSVM,ALL,calm,calm,342,0.410072
subject_dependent,bandpower,LinearSVM,ALL,calm,horror,187,0.224221
subject_dependent,bandpower,LinearSVM,ALL,calm,funny,134,0.160671
subject_dependent,bandpower,LinearSVM,ALL,horror,boring,132,0.158273
subject_dependent,bandpower,LinearSVM,ALL,horror,calm,120,0.143885
subject_dependent,bandpower,LinearSVM,ALL,horror,horror,476,0.570743
subject_dependent,bandpower,LinearSVM,ALL,horror,funny,106,0.127098
subject_dependent,bandpower,LinearSVM,ALL,funny,boring,155,0.185851
subject_dependent,bandpower,LinearSVM,ALL,funny,calm,110,0.131894
subject_dependent,bandpower,LinearSVM,ALL,funny,horror,183,0.219424
subject_dependent,bandpower,LinearSVM,ALL,funny,funny,386,0.462830
loso,bandpower,LogisticRegression,ALL,boring,boring,1683,0.403404
loso,bandpower,LogisticRegression,ALL,boring,calm,812,0.194631
loso,bandpower,LogisticRegression,ALL,boring,horror,696,0.166826
loso,bandpower,LogisticRegression,ALL,boring,funny,981,0.235139
loso,bandpower,LogisticRegression,ALL,calm,boring,950,0.227709
loso,bandpower,LogisticRegression,ALL,calm,calm,1419,0.340125
loso,bandpower,LogisticRegression,ALL,calm,horror,954,0.228667
loso,bandpower,LogisticRegression,ALL,calm,funny,849,0.203500
loso,bandpower,LogisticRegression,ALL,horror,boring,824,0.197507
loso,bandpower,LogisticRegression,ALL,horror,calm,727,0.174257
loso,bandpower,LogisticRegression,ALL,horror,horror,1874,0.449185
loso,bandpower,LogisticRegression,ALL,horror,funny,747,0.179051
loso,bandpower,LogisticRegression,ALL,funny,boring,933,0.223634
loso,bandpower,LogisticRegression,ALL,funny,calm,765,0.183365
loso,bandpower,LogisticRegression,ALL,funny,horror,910,0.218121
loso,bandpower,LogisticRegression,ALL,funny,funny,1564,0.374880
loso,bandpower,LinearSVM,ALL,boring,boring,1562,0.374401
loso,bandpower,LinearSVM,ALL,boring,calm,831,0.199185
loso,bandpower,LinearSVM,ALL,boring,horror,746,0.178811
loso,bandpower,LinearSVM,ALL,boring,funny,1033,0.247603
loso,bandpower,LinearSVM,ALL,calm,boring,910,0.218121
loso,bandpower,LinearSVM,ALL,calm,calm,1391,0.333413
loso,bandpower,LinearSVM,ALL,calm,horror,974,0.233461
loso,bandpower,LinearSVM,ALL,calm,funny,897,0.215005
loso,bandpower,LinearSVM,ALL,horror,boring,795,0.190556
loso,bandpower,LinearSVM,ALL,horror,calm,730,0.174976
loso,bandpower,LinearSVM,ALL,horror,horror,1954,0.468360
loso,bandpower,LinearSVM,ALL,horror,funny,693,0.166107
loso,bandpower,LinearSVM,ALL,funny,boring,925,0.221716
loso,bandpower,LinearSVM,ALL,funny,calm,719,0.172339
loso,bandpower,LinearSVM,ALL,funny,horror,950,0.227709
loso,bandpower,LinearSVM,ALL,funny,funny,1578,0.378236
subject_dependent,log_relative_bandpower,LogisticRegression,ALL,boring,boring,426,0.510791
subject_dependent,log_relative_bandpower,LogisticRegression,ALL,boring,calm,166,0.199041
subject_dependent,log_relative_bandpower,LogisticRegression,ALL,boring,horror,112,0.134293
subject_dependent,log_relative_bandpower,LogisticRegression,ALL,boring,funny,130,0.155875
subject_dependent,log_relative_bandpower,LogisticRegression,ALL,calm,boring,174,0.208633
subject_dependent,log_relative_bandpower,LogisticRegression,ALL,calm,calm,321,0.384892
subject_dependent,log_relative_bandpower,LogisticRegression,ALL,calm,horror,169,0.202638
subject_dependent,log_relative_bandpower,LogisticRegression,ALL,calm,funny,170,0.203837
subject_dependent,log_relative_bandpower,LogisticRegression,ALL,horror,boring,144,0.172662
subject_dependent,log_relative_bandpower,LogisticRegression,ALL,horror,calm,130,0.155875
subject_dependent,log_relative_bandpower,LogisticRegression,ALL,horror,horror,399,0.478417
subject_dependent,log_relative_bandpower,LogisticRegression,ALL,horror,funny,161,0.193046
subject_dependent,log_relative_bandpower,LogisticRegression,ALL,funny,boring,139,0.166667
subject_dependent,log_relative_bandpower,LogisticRegression,ALL,funny,calm,136,0.163070
subject_dependent,log_relative_bandpower,LogisticRegression,ALL,funny,horror,143,0.171463
subject_dependent,log_relative_bandpower,LogisticRegression,ALL,funny,funny,416,0.498801
subject_dependent,log_relative_bandpower,LinearSVM,ALL,boring,boring,446,0.534772
subject_dependent,log_relative_bandpower,LinearSVM,ALL,boring,calm,147,0.176259
subject_dependent,log_relative_bandpower,LinearSVM,ALL,boring,horror,111,0.133094
subject_dependent,log_relative_bandpower,LinearSVM,ALL,boring,funny,130,0.155875
subject_dependent,log_relative_bandpower,LinearSVM,ALL,calm,boring,194,0.232614
subject_dependent,log_relative_bandpower,LinearSVM,ALL,calm,calm,292,0.350120
subject_dependent,log_relative_bandpower,LinearSVM,ALL,calm,horror,174,0.208633
subject_dependent,log_relative_bandpower,LinearSVM,ALL,calm,funny,174,0.208633
subject_dependent,log_relative_bandpower,LinearSVM,ALL,horror,boring,151,0.181055
subject_dependent,log_relative_bandpower,LinearSVM,ALL,horror,calm,117,0.140288
subject_dependent,log_relative_bandpower,LinearSVM,ALL,horror,horror,402,0.482014
subject_dependent,log_relative_bandpower,LinearSVM,ALL,horror,funny,164,0.196643
subject_dependent,log_relative_bandpower,LinearSVM,ALL,funny,boring,150,0.179856
subject_dependent,log_relative_bandpower,LinearSVM,ALL,funny,calm,113,0.135492
subject_dependent,log_relative_bandpower,LinearSVM,ALL,funny,horror,144,0.172662
subject_dependent,log_relative_bandpower,LinearSVM,ALL,funny,funny,427,0.511990
loso,log_relative_bandpower,LogisticRegression,ALL,boring,boring,1888,0.452541
loso,log_relative_bandpower,LogisticRegression,ALL,boring,calm,819,0.196309
loso,log_relative_bandpower,LogisticRegression,ALL,boring,horror,682,0.163471
loso,log_relative_bandpower,LogisticRegression,ALL,boring,funny,783,0.187680
loso,log_relative_bandpower,LogisticRegression,ALL,calm,boring,1075,0.257670
loso,log_relative_bandpower,LogisticRegression,ALL,calm,calm,1193,0.285954
loso,log_relative_bandpower,LogisticRegression,ALL,calm,horror,907,0.217402
loso,log_relative_bandpower,LogisticRegression,ALL,calm,funny,997,0.238974
loso,log_relative_bandpower,LogisticRegression,ALL,horror,boring,858,0.205657
loso,log_relative_bandpower,LogisticRegression,ALL,horror,calm,811,0.194391
loso,log_relative_bandpower,LogisticRegression,ALL,horror,horror,1633,0.391419
loso,log_relative_bandpower,LogisticRegression,ALL,horror,funny,870,0.208533
loso,log_relative_bandpower,LogisticRegression,ALL,funny,boring,857,0.205417
loso,log_relative_bandpower,LogisticRegression,ALL,funny,calm,807,0.193432
loso,log_relative_bandpower,LogisticRegression,ALL,funny,horror,750,0.179770
loso,log_relative_bandpower,LogisticRegression,ALL,funny,funny,1758,0.421381
loso,log_relative_bandpower,LinearSVM,ALL,boring,boring,1967,0.471477
loso,log_relative_bandpower,LinearSVM,ALL,boring,calm,718,0.172100
loso,log_relative_bandpower,LinearSVM,ALL,boring,horror,682,0.163471
loso,log_relative_bandpower,LinearSVM,ALL,boring,funny,805,0.192953
loso,log_relative_bandpower,LinearSVM,ALL,calm,boring,1146,0.274688
loso,log_relative_bandpower,LinearSVM,ALL,calm,calm,1045,0.250479
loso,log_relative_bandpower,LinearSVM,ALL,calm,horror,926,0.221956
loso,log_relative_bandpower,LinearSVM,ALL,calm,funny,1055,0.252876
loso,log_relative_bandpower,LinearSVM,ALL,horror,boring,904,0.216683
loso,log_relative_bandpower,LinearSVM,ALL,horror,calm,707,0.169463
loso,log_relative_bandpower,LinearSVM,ALL,horror,horror,1647,0.394775
loso,log_relative_bandpower,LinearSVM,ALL,horror,funny,914,0.219080
loso,log_relative_bandpower,LinearSVM,ALL,funny,boring,918,0.220038
loso,log_relative_bandpower,LinearSVM,ALL,funny,calm,689,0.165149
loso,log_relative_bandpower,LinearSVM,ALL,funny,horror,748,0.179291
loso,log_relative_bandpower,LinearSVM,ALL,funny,funny,1817,0.435523
