subject,n_windows,missing_value_windows,nonfinite_value_windows,near_zero_variance_windows,flat_channel_windows,flat_channel_instances,extreme_amplitude_windows,extreme_variance_windows
S01,596,0,0,0,0,0,0,4
S02,596,0,0,0,0,0,0,0
S03,596,0,0,0,0,0,0,2
S04,596,0,0,0,0,0,0,1
S05,596,0,0,0,0,0,1,21
S06,596,0,0,0,0,0,1,13
S07,596,0,0,0,0,0,0,8
S08,596,0,0,0,0,0,0,4
S09,596,0,0,0,0,0,0,31
S10,596,0,0,0,0,0,0,11
S11,596,0,0,0,0,0,0,15
S12,596,0,0,0,0,0,2,24
S13,596,0,0,0,0,0,0,1
S14,596,0,0,0,0,0,1,14
S15,596,0,0,0,0,0,0,42
S16,596,0,0,0,0,0,1,9
S17,596,0,0,0,0,0,2,26
S18,596,0,0,0,0,0,0,4
S19,596,0,0,0,0,0,3,61
S20,596,0,0,0,0,0,1,133
S21,596,0,0,0,0,0,0,91
S22,596,0,0,0,0,0,0,69
S23,596,0,0,0,0,0,0,74
S24,596,0,0,0,0,0,1,35
S25,596,0,0,0,0,0,1,42
S26,596,0,0,0,0,0,2,83
S27,596,0,0,0,0,0,0,6
S28,596,0,0,0,0,0,1,55
