fold,held_out_subject,held_out_in_train,held_out_in_val,held_out_in_test_only,train_subjects,val_subjects,test_subject,train_window_count,val_window_count,test_window_count
loso_S01,S01,False,False,True,S02;S03;S04;S05;S06;S07;S08;S09;S10;S11;S12;S13;S14;S15;S16;S17;S18;S19;S20;S21;S22;S23;S24;S25;S26;S27;S28,S02;S03;S04;S05;S06;S07;S08;S09;S10;S11;S12;S13;S14;S15;S16;S17;S18;S19;S20;S21;S22;S23;S24;S25;S26;S27;S28,S01,6393,1599,296
loso_S02,S02,False,False,True,S01;S03;S04;S05;S06;S07;S08;S09;S10;S11;S12;S13;S14;S15;S16;S17;S18;S19;S20;S21;S22;S23;S24;S25;S26;S27;S28,S01;S03;S04;S05;S06;S07;S08;S09;S10;S11;S12;S13;S14;S15;S16;S17;S18;S19;S20;S21;S22;S23;S24;S25;S26;S27;S28,S02,6393,1599,296
loso_S03,S03,False,False,True,S01;S02;S04;S05;S06;S07;S08;S09;S10;S11;S12;S13;S14;S15;S16;S17;S18;S19;S20;S21;S22;S23;S24;S25;S26;S27;S28,S01;S02;S04;S05;S06;S07;S08;S09;S10;S11;S12;S13;S14;S15;S16;S17;S18;S19;S20;S21;S22;S23;S24;S25;S26;S27;S28,S03,6393,1599,296
loso_S04,S04,False,False,True,S01;S02;S03;S05;S06;S07;S08;S09;S10;S11;S12;S13;S14;S15;S16;S17;S18;S19;S20;S21;S22;S23;S24;S25;S26;S27;S28,S01;S02;S03;S05;S06;S07;S08;S09;S10;S11;S12;S13;S14;S15;S16;S17;S18;S19;S20;S21;S22;S23;S24;S25;S26;S27;S28,S04,6393,1599,296
loso_S05,S05,False,False,True,S01;S02;S03;S04;S06;S07;S08;S09;S10;S11;S12;S13;S14;S15;S16;S17;S18;S19;S20;S21;S22;S23;S24;S25;S26;S27;S28,S01;S02;S03;S04;S06;S07;S08;S09;S10;S11;S12;S13;S14;S15;S16;S17;S18;S19;S20;S21;S22;S23;S24;S25;S26;S27;S28,S05,6393,1599,296
loso_S06,S06,False,False,True,S01;S02;S03;S04;S05;S07;S08;S09;S10;S11;S12;S13;S14;S15;S16;S17;S18;S19;S20;S21;S22;S23;S24;S25;S26;S27;S28,S01;S02;S03;S04;S05;S07;S08;S09;S10;S11;S12;S13;S14;S15;S16;S17;S18;S19;S20;S21;S22;S23;S24;S25;S26;S27;S28,S06,6393,1599,296
loso_S07,S07,False,False,True,S01;S02;S03;S04;S05;S06;S08;S09;S10;S11;S12;S13;S14;S15;S16;S17;S18;S19;S20;S21;S22;S23;S24;S25;S26;S27;S28,S01;S02;S03;S04;S05;S06;S08;S09;S10;S11;S12;S13;S14;S15;S16;S17;S18;S19;S20;S21;S22;S23;S24;S25;S26;S27;S28,S07,6393,1599,296
loso_S08,S08,False,False,True,S01;S02;S03;S04;S05;S06;S07;S09;S10;S11;S12;S13;S14;S15;S16;S17;S18;S19;S20;S21;S22;S23;S24;S25;S26;S27;S28,S01;S02;S03;S04;S05;S06;S07;S09;S10;S11;S12;S13;S14;S15;S16;S17;S18;S19;S20;S21;S22;S23;S24;S25;S26;S27;S28,S08,6393,1599,296
loso_S09,S09,False,False,True,S01;S02;S03;S04;S05;S06;S07;S08;S10;S11;S12;S13;S14;S15;S16;S17;S18;S19;S20;S21;S22;S23;S24;S25;S26;S27;S28,S01;S02;S03;S04;S05;S06;S07;S08;S10;S11;S12;S13;S14;S15;S16;S17;S18;S19;S20;S21;S22;S23;S24;S25;S26;S27;S28,S09,6393,1599,296
loso_S10,S10,False,False,True,S01;S02;S03;S04;S05;S06;S07;S08;S09;S11;S12;S13;S14;S15;S16;S17;S18;S19;S20;S21;S22;S23;S24;S25;S26;S27;S28,S01;S02;S03;S04;S05;S06;S07;S08;S09;S11;S12;S13;S14;S15;S16;S17;S18;S19;S20;S21;S22;S23;S24;S25;S26;S27;S28,S10,6393,1599,296
loso_S11,S11,False,False,True,S01;S02;S03;S04;S05;S06;S07;S08;S09;S10;S12;S13;S14;S15;S16;S17;S18;S19;S20;S21;S22;S23;S24;S25;S26;S27;S28,S01;S02;S03;S04;S05;S06;S07;S08;S09;S10;S12;S13;S14;S15;S16;S17;S18;S19;S20;S21;S22;S23;S24;S25;S26;S27;S28,S11,6393,1599,296
loso_S12,S12,False,False,True,S01;S02;S03;S04;S05;S06;S07;S08;S09;S10;S11;S13;S14;S15;S16;S17;S18;S19;S20;S21;S22;S23;S24;S25;S26;S27;S28,S01;S02;S03;S04;S05;S06;S07;S08;S09;S10;S11;S13;S14;S15;S16;S17;S18;S19;S20;S21;S22;S23;S24;S25;S26;S27;S28,S12,6393,1599,296
loso_S13,S13,False,False,True,S01;S02;S03;S04;S05;S06;S07;S08;S09;S10;S11;S12;S14;S15;S16;S17;S18;S19;S20;S21;S22;S23;S24;S25;S26;S27;S28,S01;S02;S03;S04;S05;S06;S07;S08;S09;S10;S11;S12;S14;S15;S16;S17;S18;S19;S20;S21;S22;S23;S24;S25;S26;S27;S28,S13,6393,1599,296
loso_S14,S14,False,False,True,S01;S02;S03;S04;S05;S06;S07;S08;S09;S10;S11;S12;S13;S15;S16;S17;S18;S19;S20;S21;S22;S23;S24;S25;S26;S27;S28,S01;S02;S03;S04;S05;S06;S07;S08;S09;S10;S11;S12;S13;S15;S16;S17;S18;S19;S20;S21;S22;S23;S24;S25;S26;S27;S28,S14,6393,1599,296
loso_S15,S15,False,False,True,S01;S02;S03;S04;S05;S06;S07;S08;S09;S10;S11;S12;S13;S14;S16;S17;S18;S19;S20;S21;S22;S23;S24;S25;S26;S27;S28,S01;S02;S03;S04;S05;S06;S07;S08;S09;S10;S11;S12;S13;S14;S16;S17;S18;S19;S20;S21;S22;S23;S24;S25;S26;S27;S28,S15,6393,1599,296
loso_S16,S16,False,False,True,S01;S02;S03;S04;S05;S06;S07;S08;S09;S10;S11;S12;S13;S14;S15;S17;S18;S19;S20;S21;S22;S23;S24;S25;S26;S27;S28,S01;S02;S03;S04;S05;S06;S07;S08;S09;S10;S11;S12;S13;S14;S15;S17;S18;S19;S20;S21;S22;S23;S24;S25;S26;S27;S28,S16,6393,1599,296
loso_S17,S17,False,False,True,S01;S02;S03;S04;S05;S06;S07;S08;S09;S10;S11;S12;S13;S14;S15;S16;S18;S19;S20;S21;S22;S23;S24;S25;S26;S27;S28,S01;S02;S03;S04;S05;S06;S07;S08;S09;S10;S11;S12;S13;S14;S15;S16;S18;S19;S20;S21;S22;S23;S24;S25;S26;S27;S28,S17,6393,1599,296
loso_S18,S18,False,False,True,S01;S02;S03;S04;S05;S06;S07;S08;S09;S10;S11;S12;S13;S14;S15;S16;S17;S19;S20;S21;S22;S23;S24;S25;S26;S27;S28,S01;S02;S03;S04;S05;S06;S07;S08;S09;S10;S11;S12;S13;S14;S15;S16;S17;S19;S20;S21;S22;S23;S24;S25;S26;S27;S28,S18,6393,1599,296
loso_S19,S19,False,False,True,S01;S02;S03;S04;S05;S06;S07;S08;S09;S10;S11;S12;S13;S14;S15;S16;S17;S18;S20;S21;S22;S23;S24;S25;S26;S27;S28,S01;S02;S03;S04;S05;S06;S07;S08;S09;S10;S11;S12;S13;S14;S15;S16;S17;S18;S20;S21;S22;S23;S24;S25;S26;S27;S28,S19,6393,1599,296
loso_S20,S20,False,False,True,S01;S02;S03;S04;S05;S06;S07;S08;S09;S10;S11;S12;S13;S14;S15;S16;S17;S18;S19;S21;S22;S23;S24;S25;S26;S27;S28,S01;S02;S03;S04;S05;S06;S07;S08;S09;S10;S11;S12;S13;S14;S15;S16;S17;S18;S19;S21;S22;S23;S24;S25;S26;S27;S28,S20,6393,1599,296
loso_S21,S21,False,False,True,S01;S02;S03;S04;S05;S06;S07;S08;S09;S10;S11;S12;S13;S14;S15;S16;S17;S18;S19;S20;S22;S23;S24;S25;S26;S27;S28,S01;S02;S03;S04;S05;S06;S07;S08;S09;S10;S11;S12;S13;S14;S15;S16;S17;S18;S19;S20;S22;S23;S24;S25;S26;S27;S28,S21,6393,1599,296
loso_S22,S22,False,False,True,S01;S02;S03;S04;S05;S06;S07;S08;S09;S10;S11;S12;S13;S14;S15;S16;S17;S18;S19;S20;S21;S23;S24;S25;S26;S27;S28,S01;S02;S03;S04;S05;S06;S07;S08;S09;S10;S11;S12;S13;S14;S15;S16;S17;S18;S19;S20;S21;S23;S24;S25;S26;S27;S28,S22,6393,1599,296
loso_S23,S23,False,False,True,S01;S02;S03;S04;S05;S06;S07;S08;S09;S10;S11;S12;S13;S14;S15;S16;S17;S18;S19;S20;S21;S22;S24;S25;S26;S27;S28,S01;S02;S03;S04;S05;S06;S07;S08;S09;S10;S11;S12;S13;S14;S15;S16;S17;S18;S19;S20;S21;S22;S24;S25;S26;S27;S28,S23,6393,1599,296
loso_S24,S24,False,False,True,S01;S02;S03;S04;S05;S06;S07;S08;S09;S10;S11;S12;S13;S14;S15;S16;S17;S18;S19;S20;S21;S22;S23;S25;S26;S27;S28,S01;S02;S03;S04;S05;S06;S07;S08;S09;S10;S11;S12;S13;S14;S15;S16;S17;S18;S19;S20;S21;S22;S23;S25;S26;S27;S28,S24,6393,1599,296
loso_S25,S25,False,False,True,S01;S02;S03;S04;S05;S06;S07;S08;S09;S10;S11;S12;S13;S14;S15;S16;S17;S18;S19;S20;S21;S22;S23;S24;S26;S27;S28,S01;S02;S03;S04;S05;S06;S07;S08;S09;S10;S11;S12;S13;S14;S15;S16;S17;S18;S19;S20;S21;S22;S23;S24;S26;S27;S28,S25,6393,1599,296
loso_S26,S26,False,False,True,S01;S02;S03;S04;S05;S06;S07;S08;S09;S10;S11;S12;S13;S14;S15;S16;S17;S18;S19;S20;S21;S22;S23;S24;S25;S27;S28,S01;S02;S03;S04;S05;S06;S07;S08;S09;S10;S11;S12;S13;S14;S15;S16;S17;S18;S19;S20;S21;S22;S23;S24;S25;S27;S28,S26,6393,1599,296
loso_S27,S27,False,False,True,S01;S02;S03;S04;S05;S06;S07;S08;S09;S10;S11;S12;S13;S14;S15;S16;S17;S18;S19;S20;S21;S22;S23;S24;S25;S26;S28,S01;S02;S03;S04;S05;S06;S07;S08;S09;S10;S11;S12;S13;S14;S15;S16;S17;S18;S19;S20;S21;S22;S23;S24;S25;S26;S28,S27,6393,1599,296
loso_S28,S28,False,False,True,S01;S02;S03;S04;S05;S06;S07;S08;S09;S10;S11;S12;S13;S14;S15;S16;S17;S18;S19;S20;S21;S22;S23;S24;S25;S26;S27,S01;S02;S03;S04;S05;S06;S07;S08;S09;S10;S11;S12;S13;S14;S15;S16;S17;S18;S19;S20;S21;S22;S23;S24;S25;S26;S27,S28,6393,1599,296
