experiment,model_name,subject,random_seed,val_size,window_samples,n_records,n_windows,n_channels,n_classes,train_windows,val_windows,test_windows,requested_epochs,epochs_ran,best_epoch,batch_size,learning_rate,weight_decay,device,best_val_accuracy,best_val_macro_f1,test_accuracy,test_macro_f1,final_train_loss,best_train_loss,early_stopped
loso_eegnet_raw_windows,EEGNet,S01,0,0.2,256,112,16688,14,4,12873,3219,596,3,3,3,64,0.001,0.0001,cpu,0.360982,0.354082,0.406040,0.397375,1.366542,1.366542,False
loso_eegnet_raw_windows,EEGNet,S02,0,0.2,256,112,16688,14,4,12873,3219,596,3,3,3,64,0.001,0.0001,cpu,0.395154,0.396551,0.328859,0.240336,1.351207,1.351207,False
loso_eegnet_raw_windows,EEGNet,S03,0,0.2,256,112,16688,14,4,12873,3219,596,3,3,3,64,0.001,0.0001,cpu,0.376204,0.375128,0.672819,0.666488,1.339742,1.339742,False
loso_eegnet_raw_windows,EEGNet,S04,0,0.2,256,112,16688,14,4,12873,3219,596,3,3,3,64,0.001,0.0001,cpu,0.359118,0.357572,0.521812,0.453540,1.354765,1.354765,False
loso_eegnet_raw_windows,EEGNet,S05,0,0.2,256,112,16688,14,4,12873,3219,596,3,3,3,64,0.001,0.0001,cpu,0.391737,0.364685,0.246644,0.141358,1.330435,1.330435,False
loso_eegnet_raw_windows,EEGNet,S06,0,0.2,256,112,16688,14,4,12873,3219,596,3,3,3,64,0.001,0.0001,cpu,0.367816,0.351960,0.367450,0.309425,1.340305,1.340305,False
loso_eegnet_raw_windows,EEGNet,S07,0,0.2,256,112,16688,14,4,12873,3219,596,3,3,3,64,0.001,0.0001,cpu,0.382728,0.341070,0.281879,0.208733,1.331416,1.331416,False
loso_eegnet_raw_windows,EEGNet,S08,0,0.2,256,112,16688,14,4,12873,3219,596,3,3,3,64,0.001,0.0001,cpu,0.331159,0.329542,0.293624,0.286679,1.374573,1.374573,False
loso_eegnet_raw_windows,EEGNet,S09,0,0.2,256,112,16688,14,4,12873,3219,596,3,3,3,64,0.001,0.0001,cpu,0.313451,0.293437,0.307047,0.247902,1.373646,1.373646,False
loso_eegnet_raw_windows,EEGNet,S10,0,0.2,256,112,16688,14,4,12873,3219,596,3,3,3,64,0.001,0.0001,cpu,0.356632,0.355749,0.255034,0.195929,1.366618,1.366618,False
loso_eegnet_raw_windows,EEGNet,S11,0,0.2,256,112,16688,14,4,12873,3219,596,3,3,2,64,0.001,0.0001,cpu,0.301957,0.280325,0.271812,0.193378,1.376596,1.383657,False
loso_eegnet_raw_windows,EEGNet,S12,0,0.2,256,112,16688,14,4,12873,3219,596,3,3,3,64,0.001,0.0001,cpu,0.382728,0.373006,0.246644,0.168901,1.316683,1.316683,False
loso_eegnet_raw_windows,EEGNet,S13,0,0.2,256,112,16688,14,4,12873,3219,596,3,3,3,64,0.001,0.0001,cpu,0.350419,0.332258,0.260067,0.123475,1.364744,1.364744,False
loso_eegnet_raw_windows,EEGNet,S14,0,0.2,256,112,16688,14,4,12873,3219,596,3,3,3,64,0.001,0.0001,cpu,0.358496,0.352311,0.223154,0.112045,1.355559,1.355559,False
loso_eegnet_raw_windows,EEGNet,S15,0,0.2,256,112,16688,14,4,12873,3219,596,3,3,3,64,0.001,0.0001,cpu,0.367195,0.366737,0.474832,0.430009,1.348806,1.348806,False
loso_eegnet_raw_windows,EEGNet,S16,0,0.2,256,112,16688,14,4,12873,3219,596,3,3,3,64,0.001,0.0001,cpu,0.347002,0.315160,0.318792,0.296734,1.371330,1.371330,False
loso_eegnet_raw_windows,EEGNet,S17,0,0.2,256,112,16688,14,4,12873,3219,596,3,3,3,64,0.001,0.0001,cpu,0.346692,0.338425,0.266779,0.226369,1.366507,1.366507,False
loso_eegnet_raw_windows,EEGNet,S18,0,0.2,256,112,16688,14,4,12873,3219,596,3,3,3,64,0.001,0.0001,cpu,0.347934,0.310925,0.434564,0.393412,1.347826,1.347826,False
loso_eegnet_raw_windows,EEGNet,S19,0,0.2,256,112,16688,14,4,12873,3219,596,3,3,3,64,0.001,0.0001,cpu,0.389562,0.383818,0.234899,0.137597,1.324137,1.324137,False
loso_eegnet_raw_windows,EEGNet,S20,0,0.2,256,112,16688,14,4,12873,3219,596,3,3,3,64,0.001,0.0001,cpu,0.376514,0.344955,0.340604,0.271636,1.340106,1.340106,False
loso_eegnet_raw_windows,EEGNet,S21,0,0.2,256,112,16688,14,4,12873,3219,596,3,3,3,64,0.001,0.0001,cpu,0.355701,0.342956,0.273490,0.249297,1.358845,1.358845,False
loso_eegnet_raw_windows,EEGNet,S22,0,0.2,256,112,16688,14,4,12873,3219,596,3,3,3,64,0.001,0.0001,cpu,0.365331,0.311210,0.271812,0.266156,1.331014,1.331014,False
loso_eegnet_raw_windows,EEGNet,S23,0,0.2,256,112,16688,14,4,12873,3219,596,3,3,3,64,0.001,0.0001,cpu,0.339236,0.329252,0.258389,0.243692,1.334506,1.334506,False
loso_eegnet_raw_windows,EEGNet,S24,0,0.2,256,112,16688,14,4,12873,3219,596,3,3,3,64,0.001,0.0001,cpu,0.424666,0.392742,0.256711,0.217012,1.287797,1.287797,False
loso_eegnet_raw_windows,EEGNet,S25,0,0.2,256,112,16688,14,4,12873,3219,596,3,3,3,64,0.001,0.0001,cpu,0.355701,0.327282,0.295302,0.254798,1.327180,1.327180,False
loso_eegnet_raw_windows,EEGNet,S26,0,0.2,256,112,16688,14,4,12873,3219,596,3,3,3,64,0.001,0.0001,cpu,0.404784,0.392065,0.291946,0.234429,1.303512,1.303512,False
loso_eegnet_raw_windows,EEGNet,S27,0,0.2,256,112,16688,14,4,12873,3219,596,3,3,3,64,0.001,0.0001,cpu,0.333023,0.321373,0.241611,0.198795,1.373305,1.373305,False
loso_eegnet_raw_windows,EEGNet,S28,0,0.2,256,112,16688,14,4,12873,3219,596,3,3,3,64,0.001,0.0001,cpu,0.358496,0.336346,0.256711,0.249813,1.350555,1.350555,False
