"experiment","model_name","subject","random_seed","val_size","window_samples","n_records","n_windows","n_channels","n_classes","train_windows","val_windows","test_windows","requested_epochs","epochs_ran","best_epoch","batch_size","learning_rate","weight_decay","dropout","d_model","n_heads","n_layers","dim_feedforward","input_mode","patch_samples","class_weight","class_weights","device","normalization_strategy","best_val_accuracy","best_val_macro_f1","test_accuracy","test_macro_f1","final_train_loss","best_train_loss","early_stopped"
"loso_transformer_raw_windows","TemporalPatchTransformer","S01","0","0.2","512","112","8288","14","4","6393","1599","296","30","30","28","64","0.001","0.0001","0.1","64","4","2","128","temporal_patch","32","none","1.000000;1.000000;1.000000;1.000000","cpu","train_channel_standardization","0.829894","0.829228","0.790541","0.789038","0.132620","0.116461","False"
"loso_transformer_raw_windows","TemporalPatchTransformer","S02","0","0.2","512","112","8288","14","4","6393","1599","296","30","30","30","64","0.001","0.0001","0.1","64","4","2","128","temporal_patch","32","none","1.000000;1.000000;1.000000;1.000000","cpu","train_channel_standardization","0.816135","0.816611","0.841216","0.840471","0.118875","0.118875","False"
"loso_transformer_raw_windows","TemporalPatchTransformer","S03","0","0.2","512","112","8288","14","4","6393","1599","296","30","30","28","64","0.001","0.0001","0.1","64","4","2","128","temporal_patch","32","none","1.000000;1.000000;1.000000;1.000000","cpu","train_channel_standardization","0.822389","0.822482","0.885135","0.884837","0.164540","0.120697","False"
"loso_transformer_raw_windows","TemporalPatchTransformer","S04","0","0.2","512","112","8288","14","4","6393","1599","296","30","30","30","64","0.001","0.0001","0.1","64","4","2","128","temporal_patch","32","none","1.000000;1.000000;1.000000;1.000000","cpu","train_channel_standardization","0.814884","0.815637","0.871622","0.870766","0.143660","0.143660","False"
"loso_transformer_raw_windows","TemporalPatchTransformer","S05","0","0.2","512","112","8288","14","4","6393","1599","296","30","30","30","64","0.001","0.0001","0.1","64","4","2","128","temporal_patch","32","none","1.000000;1.000000;1.000000;1.000000","cpu","train_channel_standardization","0.841776","0.841827","0.807432","0.808566","0.113128","0.113128","False"
"loso_transformer_raw_windows","TemporalPatchTransformer","S06","0","0.2","512","112","8288","14","4","6393","1599","296","30","30","24","64","0.001","0.0001","0.1","64","4","2","128","temporal_patch","32","none","1.000000;1.000000;1.000000;1.000000","cpu","train_channel_standardization","0.828643","0.829618","0.844595","0.843012","0.126030","0.155997","False"
"loso_transformer_raw_windows","TemporalPatchTransformer","S07","0","0.2","512","112","8288","14","4","6393","1599","296","30","30","30","64","0.001","0.0001","0.1","64","4","2","128","temporal_patch","32","none","1.000000;1.000000;1.000000;1.000000","cpu","train_channel_standardization","0.833021","0.833143","0.827703","0.823256","0.120615","0.120615","False"
"loso_transformer_raw_windows","TemporalPatchTransformer","S08","0","0.2","512","112","8288","14","4","6393","1599","296","30","30","28","64","0.001","0.0001","0.1","64","4","2","128","temporal_patch","32","none","1.000000;1.000000;1.000000;1.000000","cpu","train_channel_standardization","0.827392","0.827212","0.810811","0.808477","0.127347","0.115132","False"
"loso_transformer_raw_windows","TemporalPatchTransformer","S09","0","0.2","512","112","8288","14","4","6393","1599","296","30","30","25","64","0.001","0.0001","0.1","64","4","2","128","temporal_patch","32","none","1.000000;1.000000;1.000000;1.000000","cpu","train_channel_standardization","0.829894","0.830097","0.750000","0.746156","0.113287","0.146994","False"
"loso_transformer_raw_windows","TemporalPatchTransformer","S10","0","0.2","512","112","8288","14","4","6393","1599","296","30","30","26","64","0.001","0.0001","0.1","64","4","2","128","temporal_patch","32","none","1.000000;1.000000;1.000000;1.000000","cpu","train_channel_standardization","0.825516","0.825432","0.783784","0.782950","0.114766","0.131324","False"
"loso_transformer_raw_windows","TemporalPatchTransformer","S11","0","0.2","512","112","8288","14","4","6393","1599","296","30","30","29","64","0.001","0.0001","0.1","64","4","2","128","temporal_patch","32","none","1.000000;1.000000;1.000000;1.000000","cpu","train_channel_standardization","0.820513","0.820360","0.804054","0.803828","0.122830","0.129471","False"
"loso_transformer_raw_windows","TemporalPatchTransformer","S12","0","0.2","512","112","8288","14","4","6393","1599","296","30","30","24","64","0.001","0.0001","0.1","64","4","2","128","temporal_patch","32","none","1.000000;1.000000;1.000000;1.000000","cpu","train_channel_standardization","0.825516","0.825872","0.729730","0.729584","0.122066","0.129935","False"
"loso_transformer_raw_windows","TemporalPatchTransformer","S13","0","0.2","512","112","8288","14","4","6393","1599","296","30","30","29","64","0.001","0.0001","0.1","64","4","2","128","temporal_patch","32","none","1.000000;1.000000;1.000000;1.000000","cpu","train_channel_standardization","0.821138","0.820278","0.820946","0.821264","0.124149","0.126637","False"
"loso_transformer_raw_windows","TemporalPatchTransformer","S14","0","0.2","512","112","8288","14","4","6393","1599","296","30","30","24","64","0.001","0.0001","0.1","64","4","2","128","temporal_patch","32","none","1.000000;1.000000;1.000000;1.000000","cpu","train_channel_standardization","0.828018","0.827871","0.793919","0.795031","0.120710","0.139787","False"
"loso_transformer_raw_windows","TemporalPatchTransformer","S15","0","0.2","512","112","8288","14","4","6393","1599","296","30","30","27","64","0.001","0.0001","0.1","64","4","2","128","temporal_patch","32","none","1.000000;1.000000;1.000000;1.000000","cpu","train_channel_standardization","0.835522","0.836009","0.780405","0.779290","0.137531","0.133851","False"
"loso_transformer_raw_windows","TemporalPatchTransformer","S16","0","0.2","512","112","8288","14","4","6393","1599","296","30","30","28","64","0.001","0.0001","0.1","64","4","2","128","temporal_patch","32","none","1.000000;1.000000;1.000000;1.000000","cpu","train_channel_standardization","0.824265","0.824768","0.746622","0.749800","0.115897","0.133376","False"
"loso_transformer_raw_windows","TemporalPatchTransformer","S17","0","0.2","512","112","8288","14","4","6393","1599","296","30","30","27","64","0.001","0.0001","0.1","64","4","2","128","temporal_patch","32","none","1.000000;1.000000;1.000000;1.000000","cpu","train_channel_standardization","0.825516","0.825666","0.810811","0.811989","0.138603","0.124567","False"
"loso_transformer_raw_windows","TemporalPatchTransformer","S18","0","0.2","512","112","8288","14","4","6393","1599","296","30","30","26","64","0.001","0.0001","0.1","64","4","2","128","temporal_patch","32","none","1.000000;1.000000;1.000000;1.000000","cpu","train_channel_standardization","0.824891","0.824948","0.770270","0.767574","0.117002","0.139154","False"
"loso_transformer_raw_windows","TemporalPatchTransformer","S19","0","0.2","512","112","8288","14","4","6393","1599","296","30","30","28","64","0.001","0.0001","0.1","64","4","2","128","temporal_patch","32","none","1.000000;1.000000;1.000000;1.000000","cpu","train_channel_standardization","0.833021","0.832628","0.763514","0.759472","0.117895","0.124007","False"
"loso_transformer_raw_windows","TemporalPatchTransformer","S20","0","0.2","512","112","8288","14","4","6393","1599","296","30","30","27","64","0.001","0.0001","0.1","64","4","2","128","temporal_patch","32","none","1.000000;1.000000;1.000000;1.000000","cpu","train_channel_standardization","0.825516","0.825417","0.841216","0.840951","0.105681","0.129830","False"
"loso_transformer_raw_windows","TemporalPatchTransformer","S21","0","0.2","512","112","8288","14","4","6393","1599","296","30","30","30","64","0.001","0.0001","0.1","64","4","2","128","temporal_patch","32","none","1.000000;1.000000;1.000000;1.000000","cpu","train_channel_standardization","0.821764","0.821830","0.858108","0.859043","0.116733","0.116733","False"
"loso_transformer_raw_windows","TemporalPatchTransformer","S22","0","0.2","512","112","8288","14","4","6393","1599","296","30","30","30","64","0.001","0.0001","0.1","64","4","2","128","temporal_patch","32","none","1.000000;1.000000;1.000000;1.000000","cpu","train_channel_standardization","0.830519","0.830638","0.797297","0.796809","0.119988","0.119988","False"
"loso_transformer_raw_windows","TemporalPatchTransformer","S23","0","0.2","512","112","8288","14","4","6393","1599","296","30","30","30","64","0.001","0.0001","0.1","64","4","2","128","temporal_patch","32","none","1.000000;1.000000;1.000000;1.000000","cpu","train_channel_standardization","0.836773","0.837187","0.783784","0.785495","0.109206","0.109206","False"
"loso_transformer_raw_windows","TemporalPatchTransformer","S24","0","0.2","512","112","8288","14","4","6393","1599","296","30","30","30","64","0.001","0.0001","0.1","64","4","2","128","temporal_patch","32","none","1.000000;1.000000;1.000000;1.000000","cpu","train_channel_standardization","0.836773","0.837115","0.763514","0.760872","0.119290","0.119290","False"
"loso_transformer_raw_windows","TemporalPatchTransformer","S25","0","0.2","512","112","8288","14","4","6393","1599","296","30","30","30","64","0.001","0.0001","0.1","64","4","2","128","temporal_patch","32","none","1.000000;1.000000;1.000000;1.000000","cpu","train_channel_standardization","0.836148","0.836356","0.763514","0.762546","0.149010","0.149010","False"
"loso_transformer_raw_windows","TemporalPatchTransformer","S26","0","0.2","512","112","8288","14","4","6393","1599","296","30","26","18","64","0.001","0.0001","0.1","64","4","2","128","temporal_patch","32","none","1.000000;1.000000;1.000000;1.000000","cpu","train_channel_standardization","0.826141","0.826361","0.722973","0.725831","0.122125","0.172082","True"
"loso_transformer_raw_windows","TemporalPatchTransformer","S27","0","0.2","512","112","8288","14","4","6393","1599","296","30","30","28","64","0.001","0.0001","0.1","64","4","2","128","temporal_patch","32","none","1.000000;1.000000;1.000000;1.000000","cpu","train_channel_standardization","0.820513","0.820442","0.800676","0.801441","0.131863","0.123022","False"
"loso_transformer_raw_windows","TemporalPatchTransformer","S28","0","0.2","512","112","8288","14","4","6393","1599","296","30","30","30","64","0.001","0.0001","0.1","64","4","2","128","temporal_patch","32","none","1.000000;1.000000;1.000000;1.000000","cpu","train_channel_standardization","0.830519","0.831169","0.804054","0.802398","0.100728","0.100728","False"
