experiment,model_name,subject,random_seed,val_size,window_samples,n_records,n_windows,n_channels,n_classes,train_windows,val_windows,test_windows,requested_epochs,epochs_ran,best_epoch,batch_size,learning_rate,weight_decay,dropout,temporal_filters,depth_multiplier,separable_filters,temporal_kernel,separable_kernel,device,best_val_accuracy,best_val_macro_f1,test_accuracy,test_macro_f1,final_train_loss,best_train_loss,early_stopped
loso_eegnet_raw_windows,EEGNet,S01,0,0.2,512,112,8288,14,4,6393,1599,296,30,30,29,64,0.001,0.0001,0.25,8,2,16,32,16,cpu,0.614134,0.609711,0.804054,0.801016,0.879970,0.880078,False
loso_eegnet_raw_windows,EEGNet,S02,0,0.2,512,112,8288,14,4,6393,1599,296,30,30,27,64,0.001,0.0001,0.25,8,2,16,32,16,cpu,0.634772,0.632729,0.706081,0.701682,0.877656,0.896867,False
loso_eegnet_raw_windows,EEGNet,S03,0,0.2,512,112,8288,14,4,6393,1599,296,30,30,28,64,0.001,0.0001,0.25,8,2,16,32,16,cpu,0.605378,0.600691,0.777027,0.780485,0.907866,0.912193,False
loso_eegnet_raw_windows,EEGNet,S04,0,0.2,512,112,8288,14,4,6393,1599,296,30,30,29,64,0.001,0.0001,0.25,8,2,16,32,16,cpu,0.630394,0.624564,0.847973,0.849399,0.889970,0.896002,False
loso_eegnet_raw_windows,EEGNet,S05,0,0.2,512,112,8288,14,4,6393,1599,296,30,30,27,64,0.001,0.0001,0.25,8,2,16,32,16,cpu,0.657911,0.656791,0.591216,0.550356,0.843751,0.858452,False
loso_eegnet_raw_windows,EEGNet,S06,0,0.2,512,112,8288,14,4,6393,1599,296,30,30,29,64,0.001,0.0001,0.25,8,2,16,32,16,cpu,0.655410,0.653494,0.554054,0.549803,0.861573,0.861815,False
loso_eegnet_raw_windows,EEGNet,S07,0,0.2,512,112,8288,14,4,6393,1599,296,30,30,28,64,0.001,0.0001,0.25,8,2,16,32,16,cpu,0.623515,0.621613,0.591216,0.575688,0.898539,0.921616,False
loso_eegnet_raw_windows,EEGNet,S08,0,0.2,512,112,8288,14,4,6393,1599,296,30,30,30,64,0.001,0.0001,0.25,8,2,16,32,16,cpu,0.621639,0.620045,0.533784,0.523631,0.906051,0.906051,False
loso_eegnet_raw_windows,EEGNet,S09,0,0.2,512,112,8288,14,4,6393,1599,296,30,30,28,64,0.001,0.0001,0.25,8,2,16,32,16,cpu,0.664165,0.664405,0.479730,0.469044,0.835888,0.858551,False
loso_eegnet_raw_windows,EEGNet,S10,0,0.2,512,112,8288,14,4,6393,1599,296,30,30,30,64,0.001,0.0001,0.25,8,2,16,32,16,cpu,0.678549,0.676050,0.510135,0.482505,0.834222,0.834222,False
loso_eegnet_raw_windows,EEGNet,S11,0,0.2,512,112,8288,14,4,6393,1599,296,30,30,25,64,0.001,0.0001,0.25,8,2,16,32,16,cpu,0.644778,0.645001,0.537162,0.503426,0.853057,0.881454,False
loso_eegnet_raw_windows,EEGNet,S12,0,0.2,512,112,8288,14,4,6393,1599,296,30,30,30,64,0.001,0.0001,0.25,8,2,16,32,16,cpu,0.646654,0.644714,0.435811,0.411885,0.881107,0.881107,False
loso_eegnet_raw_windows,EEGNet,S13,0,0.2,512,112,8288,14,4,6393,1599,296,30,30,25,64,0.001,0.0001,0.25,8,2,16,32,16,cpu,0.654784,0.651178,0.439189,0.419326,0.871547,0.871106,False
loso_eegnet_raw_windows,EEGNet,S14,0,0.2,512,112,8288,14,4,6393,1599,296,30,30,30,64,0.001,0.0001,0.25,8,2,16,32,16,cpu,0.632270,0.623893,0.307432,0.224249,0.860731,0.860731,False
loso_eegnet_raw_windows,EEGNet,S15,0,0.2,512,112,8288,14,4,6393,1599,296,30,30,29,64,0.001,0.0001,0.25,8,2,16,32,16,cpu,0.650407,0.646110,0.672297,0.668625,0.858970,0.873271,False
loso_eegnet_raw_windows,EEGNet,S16,0,0.2,512,112,8288,14,4,6393,1599,296,30,30,29,64,0.001,0.0001,0.25,8,2,16,32,16,cpu,0.654784,0.650279,0.722973,0.721498,0.855504,0.854840,False
loso_eegnet_raw_windows,EEGNet,S17,0,0.2,512,112,8288,14,4,6393,1599,296,30,30,29,64,0.001,0.0001,0.25,8,2,16,32,16,cpu,0.665416,0.664165,0.905405,0.906322,0.843684,0.842612,False
loso_eegnet_raw_windows,EEGNet,S18,0,0.2,512,112,8288,14,4,6393,1599,296,30,30,28,64,0.001,0.0001,0.25,8,2,16,32,16,cpu,0.622264,0.619312,0.807432,0.807639,0.892695,0.903384,False
loso_eegnet_raw_windows,EEGNet,S19,0,0.2,512,112,8288,14,4,6393,1599,296,30,30,23,64,0.001,0.0001,0.25,8,2,16,32,16,cpu,0.701063,0.700054,0.412162,0.346980,0.799400,0.832417,False
loso_eegnet_raw_windows,EEGNet,S20,0,0.2,512,112,8288,14,4,6393,1599,296,30,30,30,64,0.001,0.0001,0.25,8,2,16,32,16,cpu,0.686679,0.682891,0.614865,0.598377,0.845360,0.845360,False
loso_eegnet_raw_windows,EEGNet,S21,0,0.2,512,112,8288,14,4,6393,1599,296,30,30,28,64,0.001,0.0001,0.25,8,2,16,32,16,cpu,0.641026,0.639777,0.449324,0.424385,0.850546,0.884634,False
loso_eegnet_raw_windows,EEGNet,S22,0,0.2,512,112,8288,14,4,6393,1599,296,30,30,30,64,0.001,0.0001,0.25,8,2,16,32,16,cpu,0.659787,0.659760,0.520270,0.507023,0.822084,0.822084,False
loso_eegnet_raw_windows,EEGNet,S23,0,0.2,512,112,8288,14,4,6393,1599,296,30,30,29,64,0.001,0.0001,0.25,8,2,16,32,16,cpu,0.704190,0.702011,0.415541,0.394686,0.815086,0.815389,False
loso_eegnet_raw_windows,EEGNet,S24,0,0.2,512,112,8288,14,4,6393,1599,296,30,30,29,64,0.001,0.0001,0.25,8,2,16,32,16,cpu,0.680425,0.676821,0.371622,0.356539,0.834994,0.829019,False
loso_eegnet_raw_windows,EEGNet,S25,0,0.2,512,112,8288,14,4,6393,1599,296,30,30,29,64,0.001,0.0001,0.25,8,2,16,32,16,cpu,0.674797,0.674365,0.614865,0.553400,0.854090,0.853986,False
loso_eegnet_raw_windows,EEGNet,S26,0,0.2,512,112,8288,14,4,6393,1599,296,30,30,27,64,0.001,0.0001,0.25,8,2,16,32,16,cpu,0.701689,0.699182,0.459459,0.434016,0.828013,0.838779,False
loso_eegnet_raw_windows,EEGNet,S27,0,0.2,512,112,8288,14,4,6393,1599,296,30,30,30,64,0.001,0.0001,0.25,8,2,16,32,16,cpu,0.657286,0.652811,0.364865,0.303930,0.866385,0.866385,False
loso_eegnet_raw_windows,EEGNet,S28,0,0.2,512,112,8288,14,4,6393,1599,296,30,30,28,64,0.001,0.0001,0.25,8,2,16,32,16,cpu,0.638524,0.633440,0.354730,0.347204,0.873827,0.865367,False
