model_name,subject,train_windows,test_windows,accuracy,macro_f1
LogisticRegression,S01,16092,596,0.385906,0.381973
LogisticRegression,S02,16092,596,0.345638,0.336497
LogisticRegression,S03,16092,596,0.453020,0.432635
LogisticRegression,S04,16092,596,0.553691,0.541821
LogisticRegression,S05,16092,596,0.338926,0.305132
LogisticRegression,S06,16092,596,0.389262,0.382515
LogisticRegression,S07,16092,596,0.295302,0.258465
LogisticRegression,S08,16092,596,0.370805,0.351930
LogisticRegression,S09,16092,596,0.384228,0.350751
LogisticRegression,S10,16092,596,0.387584,0.382718
LogisticRegression,S11,16092,596,0.473154,0.468838
LogisticRegression,S12,16092,596,0.283557,0.267918
LogisticRegression,S13,16092,596,0.380872,0.353887
LogisticRegression,S14,16092,596,0.369128,0.352718
LogisticRegression,S15,16092,596,0.406040,0.395838
LogisticRegression,S16,16092,596,0.305369,0.250746
LogisticRegression,S17,16092,596,0.503356,0.506854
LogisticRegression,S18,16092,596,0.505034,0.483244
LogisticRegression,S19,16092,596,0.370805,0.360022
LogisticRegression,S20,16092,596,0.402685,0.397474
LogisticRegression,S21,16092,596,0.286913,0.251464
LogisticRegression,S22,16092,596,0.362416,0.342750
LogisticRegression,S23,16092,596,0.372483,0.343491
LogisticRegression,S24,16092,596,0.394295,0.391628
LogisticRegression,S25,16092,596,0.479866,0.467177
LogisticRegression,S26,16092,596,0.285235,0.269076
LogisticRegression,S27,16092,596,0.411074,0.390118
LogisticRegression,S28,16092,596,0.362416,0.347377
LinearSVM,S01,16092,596,0.404362,0.394080
LinearSVM,S02,16092,596,0.348993,0.340622
LinearSVM,S03,16092,596,0.456376,0.434257
LinearSVM,S04,16092,596,0.540268,0.521028
LinearSVM,S05,16092,596,0.337248,0.300898
LinearSVM,S06,16092,596,0.387584,0.376798
LinearSVM,S07,16092,596,0.296980,0.257975
LinearSVM,S08,16092,596,0.364094,0.346163
LinearSVM,S09,16092,596,0.384228,0.348535
LinearSVM,S10,16092,596,0.380872,0.369104
LinearSVM,S11,16092,596,0.461409,0.451215
LinearSVM,S12,16092,596,0.285235,0.265816
LinearSVM,S13,16092,596,0.372483,0.338798
LinearSVM,S14,16092,596,0.367450,0.346069
LinearSVM,S15,16092,596,0.412752,0.397849
LinearSVM,S16,16092,596,0.310403,0.263292
LinearSVM,S17,16092,596,0.515101,0.513867
LinearSVM,S18,16092,596,0.508389,0.481752
LinearSVM,S19,16092,596,0.372483,0.361500
LinearSVM,S20,16092,596,0.409396,0.400600
LinearSVM,S21,16092,596,0.285235,0.245705
LinearSVM,S22,16092,596,0.372483,0.353012
LinearSVM,S23,16092,596,0.374161,0.337366
LinearSVM,S24,16092,596,0.392617,0.387620
LinearSVM,S25,16092,596,0.471477,0.454669
LinearSVM,S26,16092,596,0.281879,0.263624
LinearSVM,S27,16092,596,0.412752,0.386607
LinearSVM,S28,16092,596,0.359060,0.337665
