subject,train_windows,test_windows,accuracy,macro_f1
S01,16092,596,0.315436,0.304095
S02,16092,596,0.260067,0.254681
S03,16092,596,0.213087,0.203936
S04,16092,596,0.187919,0.160038
S05,16092,596,0.322148,0.297420
S06,16092,596,0.567114,0.546897
S07,16092,596,0.382550,0.349176
S08,16092,596,0.446309,0.410613
S09,16092,596,0.382550,0.380971
S10,16092,596,0.275168,0.268242
S11,16092,596,0.343960,0.302052
S12,16092,596,0.303691,0.274617
S13,16092,596,0.310403,0.296964
S14,16092,596,0.295302,0.238475
S15,16092,596,0.325503,0.274235
S16,16092,596,0.273490,0.251764
S17,16092,596,0.203020,0.202923
S18,16092,596,0.209732,0.192212
S19,16092,596,0.322148,0.307482
S20,16092,596,0.392617,0.358191
S21,16092,596,0.348993,0.316794
S22,16092,596,0.327181,0.278188
S23,16092,596,0.335570,0.330604
S24,16092,596,0.302013,0.305001
S25,16092,596,0.424497,0.414793
S26,16092,596,0.268456,0.252971
S27,16092,596,0.333893,0.318730
S28,16092,596,0.307047,0.263002
