feature_set,model_name,subject,test_windows,accuracy,macro_f1,difficulty_rank,difficulty_rank_note
bandpower,LinearSVM,S21,596,0.241611,0.206661,1,1=lowest macro_f1 within feature/model setting
bandpower,LinearSVM,S08,596,0.266779,0.229709,2,1=lowest macro_f1 within feature/model setting
bandpower,LinearSVM,S22,596,0.253356,0.236718,3,1=lowest macro_f1 within feature/model setting
bandpower,LinearSVM,S25,596,0.325503,0.265684,4,1=lowest macro_f1 within feature/model setting
bandpower,LinearSVM,S09,596,0.332215,0.271675,5,1=lowest macro_f1 within feature/model setting
bandpower,LinearSVM,S05,596,0.322148,0.272946,6,1=lowest macro_f1 within feature/model setting
bandpower,LinearSVM,S26,596,0.310403,0.279717,7,1=lowest macro_f1 within feature/model setting
bandpower,LinearSVM,S07,596,0.330537,0.286251,8,1=lowest macro_f1 within feature/model setting
bandpower,LinearSVM,S12,596,0.327181,0.312381,9,1=lowest macro_f1 within feature/model setting
bandpower,LinearSVM,S19,596,0.33557,0.312867,10,1=lowest macro_f1 within feature/model setting
bandpower,LinearSVM,S04,596,0.411074,0.319261,11,1=lowest macro_f1 within feature/model setting
bandpower,LinearSVM,S24,596,0.323826,0.322029,12,1=lowest macro_f1 within feature/model setting
bandpower,LinearSVM,S20,596,0.333893,0.323765,13,1=lowest macro_f1 within feature/model setting
bandpower,LinearSVM,S28,596,0.35906,0.348814,14,1=lowest macro_f1 within feature/model setting
bandpower,LinearSVM,S23,596,0.372483,0.349345,15,1=lowest macro_f1 within feature/model setting
bandpower,LinearSVM,S06,596,0.355705,0.349595,16,1=lowest macro_f1 within feature/model setting
bandpower,LinearSVM,S18,596,0.40604,0.356698,17,1=lowest macro_f1 within feature/model setting
bandpower,LinearSVM,S14,596,0.36745,0.367308,18,1=lowest macro_f1 within feature/model setting
bandpower,LinearSVM,S16,596,0.409396,0.386179,19,1=lowest macro_f1 within feature/model setting
bandpower,LinearSVM,S27,596,0.417785,0.38885,20,1=lowest macro_f1 within feature/model setting
bandpower,LinearSVM,S13,596,0.471477,0.424601,21,1=lowest macro_f1 within feature/model setting
bandpower,LinearSVM,S10,596,0.469799,0.460341,22,1=lowest macro_f1 within feature/model setting
bandpower,LinearSVM,S11,596,0.47651,0.462178,23,1=lowest macro_f1 within feature/model setting
bandpower,LinearSVM,S15,596,0.491611,0.475565,24,1=lowest macro_f1 within feature/model setting
bandpower,LinearSVM,S17,596,0.506711,0.498098,25,1=lowest macro_f1 within feature/model setting
bandpower,LinearSVM,S02,596,0.508389,0.498398,26,1=lowest macro_f1 within feature/model setting
bandpower,LinearSVM,S01,596,0.560403,0.553172,27,1=lowest macro_f1 within feature/model setting
bandpower,LinearSVM,S03,596,0.59396,0.575915,28,1=lowest macro_f1 within feature/model setting
bandpower,LogisticRegression,S21,596,0.239933,0.218908,1,1=lowest macro_f1 within feature/model setting
bandpower,LogisticRegression,S08,596,0.286913,0.248948,2,1=lowest macro_f1 within feature/model setting
bandpower,LogisticRegression,S22,596,0.270134,0.257152,3,1=lowest macro_f1 within feature/model setting
bandpower,LogisticRegression,S25,596,0.337248,0.271068,4,1=lowest macro_f1 within feature/model setting
bandpower,LogisticRegression,S09,596,0.328859,0.274786,5,1=lowest macro_f1 within feature/model setting
bandpower,LogisticRegression,S26,596,0.317114,0.279119,6,1=lowest macro_f1 within feature/model setting
bandpower,LogisticRegression,S07,596,0.328859,0.282031,7,1=lowest macro_f1 within feature/model setting
bandpower,LogisticRegression,S05,596,0.322148,0.286097,8,1=lowest macro_f1 within feature/model setting
bandpower,LogisticRegression,S19,596,0.328859,0.315711,9,1=lowest macro_f1 within feature/model setting
bandpower,LogisticRegression,S12,596,0.330537,0.316795,10,1=lowest macro_f1 within feature/model setting
bandpower,LogisticRegression,S23,596,0.347315,0.318952,11,1=lowest macro_f1 within feature/model setting
bandpower,LogisticRegression,S14,596,0.340604,0.332152,12,1=lowest macro_f1 within feature/model setting
bandpower,LogisticRegression,S24,596,0.33557,0.33648,13,1=lowest macro_f1 within feature/model setting
bandpower,LogisticRegression,S20,596,0.350671,0.337774,14,1=lowest macro_f1 within feature/model setting
bandpower,LogisticRegression,S28,596,0.355705,0.351617,15,1=lowest macro_f1 within feature/model setting
bandpower,LogisticRegression,S06,596,0.377517,0.369297,16,1=lowest macro_f1 within feature/model setting
bandpower,LogisticRegression,S16,596,0.401007,0.372834,17,1=lowest macro_f1 within feature/model setting
bandpower,LogisticRegression,S04,596,0.442953,0.374647,18,1=lowest macro_f1 within feature/model setting
bandpower,LogisticRegression,S18,596,0.42953,0.388542,19,1=lowest macro_f1 within feature/model setting
bandpower,LogisticRegression,S27,596,0.424497,0.392485,20,1=lowest macro_f1 within feature/model setting
bandpower,LogisticRegression,S13,596,0.463087,0.410982,21,1=lowest macro_f1 within feature/model setting
bandpower,LogisticRegression,S10,596,0.471477,0.460093,22,1=lowest macro_f1 within feature/model setting
bandpower,LogisticRegression,S11,596,0.498322,0.479357,23,1=lowest macro_f1 within feature/model setting
bandpower,LogisticRegression,S15,596,0.5,0.486762,24,1=lowest macro_f1 within feature/model setting
bandpower,LogisticRegression,S17,596,0.505034,0.495767,25,1=lowest macro_f1 within feature/model setting
bandpower,LogisticRegression,S02,596,0.515101,0.511123,26,1=lowest macro_f1 within feature/model setting
bandpower,LogisticRegression,S01,596,0.545302,0.539449,27,1=lowest macro_f1 within feature/model setting
bandpower,LogisticRegression,S03,596,0.578859,0.568346,28,1=lowest macro_f1 within feature/model setting
statistical,LinearSVM,S04,596,0.187919,0.160038,1,1=lowest macro_f1 within feature/model setting
statistical,LinearSVM,S18,596,0.209732,0.192212,2,1=lowest macro_f1 within feature/model setting
statistical,LinearSVM,S17,596,0.20302,0.202923,3,1=lowest macro_f1 within feature/model setting
statistical,LinearSVM,S03,596,0.213087,0.203936,4,1=lowest macro_f1 within feature/model setting
statistical,LinearSVM,S14,596,0.295302,0.238475,5,1=lowest macro_f1 within feature/model setting
statistical,LinearSVM,S16,596,0.27349,0.251764,6,1=lowest macro_f1 within feature/model setting
statistical,LinearSVM,S26,596,0.268456,0.252971,7,1=lowest macro_f1 within feature/model setting
statistical,LinearSVM,S02,596,0.260067,0.254681,8,1=lowest macro_f1 within feature/model setting
statistical,LinearSVM,S28,596,0.307047,0.263002,9,1=lowest macro_f1 within feature/model setting
statistical,LinearSVM,S10,596,0.275168,0.268242,10,1=lowest macro_f1 within feature/model setting
statistical,LinearSVM,S15,596,0.325503,0.274235,11,1=lowest macro_f1 within feature/model setting
statistical,LinearSVM,S12,596,0.303691,0.274617,12,1=lowest macro_f1 within feature/model setting
statistical,LinearSVM,S22,596,0.327181,0.278188,13,1=lowest macro_f1 within feature/model setting
statistical,LinearSVM,S13,596,0.310403,0.296964,14,1=lowest macro_f1 within feature/model setting
statistical,LinearSVM,S05,596,0.322148,0.29742,15,1=lowest macro_f1 within feature/model setting
statistical,LinearSVM,S11,596,0.34396,0.302052,16,1=lowest macro_f1 within feature/model setting
statistical,LinearSVM,S01,596,0.315436,0.304095,17,1=lowest macro_f1 within feature/model setting
statistical,LinearSVM,S24,596,0.302013,0.305001,18,1=lowest macro_f1 within feature/model setting
statistical,LinearSVM,S19,596,0.322148,0.307482,19,1=lowest macro_f1 within feature/model setting
statistical,LinearSVM,S21,596,0.348993,0.316794,20,1=lowest macro_f1 within feature/model setting
statistical,LinearSVM,S27,596,0.333893,0.31873,21,1=lowest macro_f1 within feature/model setting
statistical,LinearSVM,S23,596,0.33557,0.330604,22,1=lowest macro_f1 within feature/model setting
statistical,LinearSVM,S07,596,0.38255,0.349176,23,1=lowest macro_f1 within feature/model setting
statistical,LinearSVM,S20,596,0.392617,0.358191,24,1=lowest macro_f1 within feature/model setting
statistical,LinearSVM,S09,596,0.38255,0.380971,25,1=lowest macro_f1 within feature/model setting
statistical,LinearSVM,S08,596,0.446309,0.410613,26,1=lowest macro_f1 within feature/model setting
statistical,LinearSVM,S25,596,0.424497,0.414793,27,1=lowest macro_f1 within feature/model setting
statistical,LinearSVM,S06,596,0.567114,0.546897,28,1=lowest macro_f1 within feature/model setting
statistical,LogisticRegression,S04,596,0.197987,0.153284,1,1=lowest macro_f1 within feature/model setting
statistical,LogisticRegression,S18,596,0.214765,0.196081,2,1=lowest macro_f1 within feature/model setting
statistical,LogisticRegression,S17,596,0.196309,0.196504,3,1=lowest macro_f1 within feature/model setting
statistical,LogisticRegression,S03,596,0.213087,0.204143,4,1=lowest macro_f1 within feature/model setting
statistical,LogisticRegression,S14,596,0.281879,0.220961,5,1=lowest macro_f1 within feature/model setting
statistical,LogisticRegression,S26,596,0.270134,0.249709,6,1=lowest macro_f1 within feature/model setting
statistical,LogisticRegression,S16,596,0.27349,0.254949,7,1=lowest macro_f1 within feature/model setting
statistical,LogisticRegression,S12,596,0.298658,0.267635,8,1=lowest macro_f1 within feature/model setting
statistical,LogisticRegression,S22,596,0.322148,0.270204,9,1=lowest macro_f1 within feature/model setting
statistical,LogisticRegression,S28,596,0.312081,0.278352,10,1=lowest macro_f1 within feature/model setting
statistical,LogisticRegression,S02,596,0.281879,0.279746,11,1=lowest macro_f1 within feature/model setting
statistical,LogisticRegression,S10,596,0.290268,0.280334,12,1=lowest macro_f1 within feature/model setting
statistical,LogisticRegression,S01,596,0.312081,0.288881,13,1=lowest macro_f1 within feature/model setting
statistical,LogisticRegression,S05,596,0.313758,0.292259,14,1=lowest macro_f1 within feature/model setting
statistical,LogisticRegression,S21,596,0.332215,0.293092,15,1=lowest macro_f1 within feature/model setting
statistical,LogisticRegression,S15,596,0.327181,0.294518,16,1=lowest macro_f1 within feature/model setting
statistical,LogisticRegression,S11,596,0.348993,0.30341,17,1=lowest macro_f1 within feature/model setting
statistical,LogisticRegression,S13,596,0.315436,0.303723,18,1=lowest macro_f1 within feature/model setting
statistical,LogisticRegression,S19,596,0.323826,0.312394,19,1=lowest macro_f1 within feature/model setting
statistical,LogisticRegression,S24,596,0.317114,0.31921,20,1=lowest macro_f1 within feature/model setting
statistical,LogisticRegression,S27,596,0.340604,0.321898,21,1=lowest macro_f1 within feature/model setting
statistical,LogisticRegression,S23,596,0.328859,0.322092,22,1=lowest macro_f1 within feature/model setting
statistical,LogisticRegression,S07,596,0.379195,0.342947,23,1=lowest macro_f1 within feature/model setting
statistical,LogisticRegression,S09,596,0.375839,0.374173,24,1=lowest macro_f1 within feature/model setting
statistical,LogisticRegression,S20,596,0.399329,0.377768,25,1=lowest macro_f1 within feature/model setting
statistical,LogisticRegression,S25,596,0.419463,0.412058,26,1=lowest macro_f1 within feature/model setting
statistical,LogisticRegression,S08,596,0.454698,0.427668,27,1=lowest macro_f1 within feature/model setting
statistical,LogisticRegression,S06,596,0.555369,0.542466,28,1=lowest macro_f1 within feature/model setting
