protocol,fold_seed,normalization_source,test_data_used_in_fit,validation_data_used_in_fit,held_out_subject,held_out_subject_used_in_fit,fit_windows,validation_windows,test_windows,fit_subjects,validation_subjects,test_subjects,normalization_strategy,n_channel_means,n_channel_stds,leakage_failure
subject_dependent,seed_0,train only,False,False,,False,5305,1327,1656,28,28,28,train_channel_standardization,14,14,False
subject_dependent_matched_budget,seed_0,train only,False,False,,False,6393,1599,296,28,28,28,train_channel_standardization,14,14,False
loso,loso_S01_seed_0,train only,False,False,S01,False,6393,1599,296,27,27,1,train_channel_standardization,14,14,False
loso,loso_S02_seed_0,train only,False,False,S02,False,6393,1599,296,27,27,1,train_channel_standardization,14,14,False
loso,loso_S03_seed_0,train only,False,False,S03,False,6393,1599,296,27,27,1,train_channel_standardization,14,14,False
loso,loso_S04_seed_0,train only,False,False,S04,False,6393,1599,296,27,27,1,train_channel_standardization,14,14,False
loso,loso_S05_seed_0,train only,False,False,S05,False,6393,1599,296,27,27,1,train_channel_standardization,14,14,False
loso,loso_S06_seed_0,train only,False,False,S06,False,6393,1599,296,27,27,1,train_channel_standardization,14,14,False
loso,loso_S07_seed_0,train only,False,False,S07,False,6393,1599,296,27,27,1,train_channel_standardization,14,14,False
loso,loso_S08_seed_0,train only,False,False,S08,False,6393,1599,296,27,27,1,train_channel_standardization,14,14,False
loso,loso_S09_seed_0,train only,False,False,S09,False,6393,1599,296,27,27,1,train_channel_standardization,14,14,False
loso,loso_S10_seed_0,train only,False,False,S10,False,6393,1599,296,27,27,1,train_channel_standardization,14,14,False
loso,loso_S11_seed_0,train only,False,False,S11,False,6393,1599,296,27,27,1,train_channel_standardization,14,14,False
loso,loso_S12_seed_0,train only,False,False,S12,False,6393,1599,296,27,27,1,train_channel_standardization,14,14,False
loso,loso_S13_seed_0,train only,False,False,S13,False,6393,1599,296,27,27,1,train_channel_standardization,14,14,False
loso,loso_S14_seed_0,train only,False,False,S14,False,6393,1599,296,27,27,1,train_channel_standardization,14,14,False
loso,loso_S15_seed_0,train only,False,False,S15,False,6393,1599,296,27,27,1,train_channel_standardization,14,14,False
loso,loso_S16_seed_0,train only,False,False,S16,False,6393,1599,296,27,27,1,train_channel_standardization,14,14,False
loso,loso_S17_seed_0,train only,False,False,S17,False,6393,1599,296,27,27,1,train_channel_standardization,14,14,False
loso,loso_S18_seed_0,train only,False,False,S18,False,6393,1599,296,27,27,1,train_channel_standardization,14,14,False
loso,loso_S19_seed_0,train only,False,False,S19,False,6393,1599,296,27,27,1,train_channel_standardization,14,14,False
loso,loso_S20_seed_0,train only,False,False,S20,False,6393,1599,296,27,27,1,train_channel_standardization,14,14,False
loso,loso_S21_seed_0,train only,False,False,S21,False,6393,1599,296,27,27,1,train_channel_standardization,14,14,False
loso,loso_S22_seed_0,train only,False,False,S22,False,6393,1599,296,27,27,1,train_channel_standardization,14,14,False
loso,loso_S23_seed_0,train only,False,False,S23,False,6393,1599,296,27,27,1,train_channel_standardization,14,14,False
loso,loso_S24_seed_0,train only,False,False,S24,False,6393,1599,296,27,27,1,train_channel_standardization,14,14,False
loso,loso_S25_seed_0,train only,False,False,S25,False,6393,1599,296,27,27,1,train_channel_standardization,14,14,False
loso,loso_S26_seed_0,train only,False,False,S26,False,6393,1599,296,27,27,1,train_channel_standardization,14,14,False
loso,loso_S27_seed_0,train only,False,False,S27,False,6393,1599,296,27,27,1,train_channel_standardization,14,14,False
loso,loso_S28_seed_0,train only,False,False,S28,False,6393,1599,296,27,27,1,train_channel_standardization,14,14,False
subject_dependent,seed_1,train only,False,False,,False,5305,1327,1656,28,28,28,train_channel_standardization,14,14,False
subject_dependent_matched_budget,seed_1,train only,False,False,,False,6393,1599,296,28,28,28,train_channel_standardization,14,14,False
loso,loso_S01_seed_1,train only,False,False,S01,False,6393,1599,296,27,27,1,train_channel_standardization,14,14,False
loso,loso_S02_seed_1,train only,False,False,S02,False,6393,1599,296,27,27,1,train_channel_standardization,14,14,False
loso,loso_S03_seed_1,train only,False,False,S03,False,6393,1599,296,27,27,1,train_channel_standardization,14,14,False
loso,loso_S04_seed_1,train only,False,False,S04,False,6393,1599,296,27,27,1,train_channel_standardization,14,14,False
loso,loso_S05_seed_1,train only,False,False,S05,False,6393,1599,296,27,27,1,train_channel_standardization,14,14,False
loso,loso_S06_seed_1,train only,False,False,S06,False,6393,1599,296,27,27,1,train_channel_standardization,14,14,False
loso,loso_S07_seed_1,train only,False,False,S07,False,6393,1599,296,27,27,1,train_channel_standardization,14,14,False
loso,loso_S08_seed_1,train only,False,False,S08,False,6393,1599,296,27,27,1,train_channel_standardization,14,14,False
loso,loso_S09_seed_1,train only,False,False,S09,False,6393,1599,296,27,27,1,train_channel_standardization,14,14,False
loso,loso_S10_seed_1,train only,False,False,S10,False,6393,1599,296,27,27,1,train_channel_standardization,14,14,False
loso,loso_S11_seed_1,train only,False,False,S11,False,6393,1599,296,27,27,1,train_channel_standardization,14,14,False
loso,loso_S12_seed_1,train only,False,False,S12,False,6393,1599,296,27,27,1,train_channel_standardization,14,14,False
loso,loso_S13_seed_1,train only,False,False,S13,False,6393,1599,296,27,27,1,train_channel_standardization,14,14,False
loso,loso_S14_seed_1,train only,False,False,S14,False,6393,1599,296,27,27,1,train_channel_standardization,14,14,False
loso,loso_S15_seed_1,train only,False,False,S15,False,6393,1599,296,27,27,1,train_channel_standardization,14,14,False
loso,loso_S16_seed_1,train only,False,False,S16,False,6393,1599,296,27,27,1,train_channel_standardization,14,14,False
loso,loso_S17_seed_1,train only,False,False,S17,False,6393,1599,296,27,27,1,train_channel_standardization,14,14,False
loso,loso_S18_seed_1,train only,False,False,S18,False,6393,1599,296,27,27,1,train_channel_standardization,14,14,False
loso,loso_S19_seed_1,train only,False,False,S19,False,6393,1599,296,27,27,1,train_channel_standardization,14,14,False
loso,loso_S20_seed_1,train only,False,False,S20,False,6393,1599,296,27,27,1,train_channel_standardization,14,14,False
loso,loso_S21_seed_1,train only,False,False,S21,False,6393,1599,296,27,27,1,train_channel_standardization,14,14,False
loso,loso_S22_seed_1,train only,False,False,S22,False,6393,1599,296,27,27,1,train_channel_standardization,14,14,False
loso,loso_S23_seed_1,train only,False,False,S23,False,6393,1599,296,27,27,1,train_channel_standardization,14,14,False
loso,loso_S24_seed_1,train only,False,False,S24,False,6393,1599,296,27,27,1,train_channel_standardization,14,14,False
loso,loso_S25_seed_1,train only,False,False,S25,False,6393,1599,296,27,27,1,train_channel_standardization,14,14,False
loso,loso_S26_seed_1,train only,False,False,S26,False,6393,1599,296,27,27,1,train_channel_standardization,14,14,False
loso,loso_S27_seed_1,train only,False,False,S27,False,6393,1599,296,27,27,1,train_channel_standardization,14,14,False
loso,loso_S28_seed_1,train only,False,False,S28,False,6393,1599,296,27,27,1,train_channel_standardization,14,14,False
subject_dependent,seed_2,train only,False,False,,False,5305,1327,1656,28,28,28,train_channel_standardization,14,14,False
subject_dependent_matched_budget,seed_2,train only,False,False,,False,6393,1599,296,28,28,28,train_channel_standardization,14,14,False
loso,loso_S01_seed_2,train only,False,False,S01,False,6393,1599,296,27,27,1,train_channel_standardization,14,14,False
loso,loso_S02_seed_2,train only,False,False,S02,False,6393,1599,296,27,27,1,train_channel_standardization,14,14,False
loso,loso_S03_seed_2,train only,False,False,S03,False,6393,1599,296,27,27,1,train_channel_standardization,14,14,False
loso,loso_S04_seed_2,train only,False,False,S04,False,6393,1599,296,27,27,1,train_channel_standardization,14,14,False
loso,loso_S05_seed_2,train only,False,False,S05,False,6393,1599,296,27,27,1,train_channel_standardization,14,14,False
loso,loso_S06_seed_2,train only,False,False,S06,False,6393,1599,296,27,27,1,train_channel_standardization,14,14,False
loso,loso_S07_seed_2,train only,False,False,S07,False,6393,1599,296,27,27,1,train_channel_standardization,14,14,False
loso,loso_S08_seed_2,train only,False,False,S08,False,6393,1599,296,27,27,1,train_channel_standardization,14,14,False
loso,loso_S09_seed_2,train only,False,False,S09,False,6393,1599,296,27,27,1,train_channel_standardization,14,14,False
loso,loso_S10_seed_2,train only,False,False,S10,False,6393,1599,296,27,27,1,train_channel_standardization,14,14,False
loso,loso_S11_seed_2,train only,False,False,S11,False,6393,1599,296,27,27,1,train_channel_standardization,14,14,False
loso,loso_S12_seed_2,train only,False,False,S12,False,6393,1599,296,27,27,1,train_channel_standardization,14,14,False
loso,loso_S13_seed_2,train only,False,False,S13,False,6393,1599,296,27,27,1,train_channel_standardization,14,14,False
loso,loso_S14_seed_2,train only,False,False,S14,False,6393,1599,296,27,27,1,train_channel_standardization,14,14,False
loso,loso_S15_seed_2,train only,False,False,S15,False,6393,1599,296,27,27,1,train_channel_standardization,14,14,False
loso,loso_S16_seed_2,train only,False,False,S16,False,6393,1599,296,27,27,1,train_channel_standardization,14,14,False
loso,loso_S17_seed_2,train only,False,False,S17,False,6393,1599,296,27,27,1,train_channel_standardization,14,14,False
loso,loso_S18_seed_2,train only,False,False,S18,False,6393,1599,296,27,27,1,train_channel_standardization,14,14,False
loso,loso_S19_seed_2,train only,False,False,S19,False,6393,1599,296,27,27,1,train_channel_standardization,14,14,False
loso,loso_S20_seed_2,train only,False,False,S20,False,6393,1599,296,27,27,1,train_channel_standardization,14,14,False
loso,loso_S21_seed_2,train only,False,False,S21,False,6393,1599,296,27,27,1,train_channel_standardization,14,14,False
loso,loso_S22_seed_2,train only,False,False,S22,False,6393,1599,296,27,27,1,train_channel_standardization,14,14,False
loso,loso_S23_seed_2,train only,False,False,S23,False,6393,1599,296,27,27,1,train_channel_standardization,14,14,False
loso,loso_S24_seed_2,train only,False,False,S24,False,6393,1599,296,27,27,1,train_channel_standardization,14,14,False
loso,loso_S25_seed_2,train only,False,False,S25,False,6393,1599,296,27,27,1,train_channel_standardization,14,14,False
loso,loso_S26_seed_2,train only,False,False,S26,False,6393,1599,296,27,27,1,train_channel_standardization,14,14,False
loso,loso_S27_seed_2,train only,False,False,S27,False,6393,1599,296,27,27,1,train_channel_standardization,14,14,False
loso,loso_S28_seed_2,train only,False,False,S28,False,6393,1599,296,27,27,1,train_channel_standardization,14,14,False
subject_dependent,seed_3,train only,False,False,,False,5305,1327,1656,28,28,28,train_channel_standardization,14,14,False
subject_dependent_matched_budget,seed_3,train only,False,False,,False,6393,1599,296,28,28,28,train_channel_standardization,14,14,False
loso,loso_S01_seed_3,train only,False,False,S01,False,6393,1599,296,27,27,1,train_channel_standardization,14,14,False
loso,loso_S02_seed_3,train only,False,False,S02,False,6393,1599,296,27,27,1,train_channel_standardization,14,14,False
loso,loso_S03_seed_3,train only,False,False,S03,False,6393,1599,296,27,27,1,train_channel_standardization,14,14,False
loso,loso_S04_seed_3,train only,False,False,S04,False,6393,1599,296,27,27,1,train_channel_standardization,14,14,False
loso,loso_S05_seed_3,train only,False,False,S05,False,6393,1599,296,27,27,1,train_channel_standardization,14,14,False
loso,loso_S06_seed_3,train only,False,False,S06,False,6393,1599,296,27,27,1,train_channel_standardization,14,14,False
loso,loso_S07_seed_3,train only,False,False,S07,False,6393,1599,296,27,27,1,train_channel_standardization,14,14,False
loso,loso_S08_seed_3,train only,False,False,S08,False,6393,1599,296,27,27,1,train_channel_standardization,14,14,False
loso,loso_S09_seed_3,train only,False,False,S09,False,6393,1599,296,27,27,1,train_channel_standardization,14,14,False
loso,loso_S10_seed_3,train only,False,False,S10,False,6393,1599,296,27,27,1,train_channel_standardization,14,14,False
loso,loso_S11_seed_3,train only,False,False,S11,False,6393,1599,296,27,27,1,train_channel_standardization,14,14,False
loso,loso_S12_seed_3,train only,False,False,S12,False,6393,1599,296,27,27,1,train_channel_standardization,14,14,False
loso,loso_S13_seed_3,train only,False,False,S13,False,6393,1599,296,27,27,1,train_channel_standardization,14,14,False
loso,loso_S14_seed_3,train only,False,False,S14,False,6393,1599,296,27,27,1,train_channel_standardization,14,14,False
loso,loso_S15_seed_3,train only,False,False,S15,False,6393,1599,296,27,27,1,train_channel_standardization,14,14,False
loso,loso_S16_seed_3,train only,False,False,S16,False,6393,1599,296,27,27,1,train_channel_standardization,14,14,False
loso,loso_S17_seed_3,train only,False,False,S17,False,6393,1599,296,27,27,1,train_channel_standardization,14,14,False
loso,loso_S18_seed_3,train only,False,False,S18,False,6393,1599,296,27,27,1,train_channel_standardization,14,14,False
loso,loso_S19_seed_3,train only,False,False,S19,False,6393,1599,296,27,27,1,train_channel_standardization,14,14,False
loso,loso_S20_seed_3,train only,False,False,S20,False,6393,1599,296,27,27,1,train_channel_standardization,14,14,False
loso,loso_S21_seed_3,train only,False,False,S21,False,6393,1599,296,27,27,1,train_channel_standardization,14,14,False
loso,loso_S22_seed_3,train only,False,False,S22,False,6393,1599,296,27,27,1,train_channel_standardization,14,14,False
loso,loso_S23_seed_3,train only,False,False,S23,False,6393,1599,296,27,27,1,train_channel_standardization,14,14,False
loso,loso_S24_seed_3,train only,False,False,S24,False,6393,1599,296,27,27,1,train_channel_standardization,14,14,False
loso,loso_S25_seed_3,train only,False,False,S25,False,6393,1599,296,27,27,1,train_channel_standardization,14,14,False
loso,loso_S26_seed_3,train only,False,False,S26,False,6393,1599,296,27,27,1,train_channel_standardization,14,14,False
loso,loso_S27_seed_3,train only,False,False,S27,False,6393,1599,296,27,27,1,train_channel_standardization,14,14,False
loso,loso_S28_seed_3,train only,False,False,S28,False,6393,1599,296,27,27,1,train_channel_standardization,14,14,False
subject_dependent,seed_4,train only,False,False,,False,5305,1327,1656,28,28,28,train_channel_standardization,14,14,False
subject_dependent_matched_budget,seed_4,train only,False,False,,False,6393,1599,296,28,28,28,train_channel_standardization,14,14,False
loso,loso_S01_seed_4,train only,False,False,S01,False,6393,1599,296,27,27,1,train_channel_standardization,14,14,False
loso,loso_S02_seed_4,train only,False,False,S02,False,6393,1599,296,27,27,1,train_channel_standardization,14,14,False
loso,loso_S03_seed_4,train only,False,False,S03,False,6393,1599,296,27,27,1,train_channel_standardization,14,14,False
loso,loso_S04_seed_4,train only,False,False,S04,False,6393,1599,296,27,27,1,train_channel_standardization,14,14,False
loso,loso_S05_seed_4,train only,False,False,S05,False,6393,1599,296,27,27,1,train_channel_standardization,14,14,False
loso,loso_S06_seed_4,train only,False,False,S06,False,6393,1599,296,27,27,1,train_channel_standardization,14,14,False
loso,loso_S07_seed_4,train only,False,False,S07,False,6393,1599,296,27,27,1,train_channel_standardization,14,14,False
loso,loso_S08_seed_4,train only,False,False,S08,False,6393,1599,296,27,27,1,train_channel_standardization,14,14,False
loso,loso_S09_seed_4,train only,False,False,S09,False,6393,1599,296,27,27,1,train_channel_standardization,14,14,False
loso,loso_S10_seed_4,train only,False,False,S10,False,6393,1599,296,27,27,1,train_channel_standardization,14,14,False
loso,loso_S11_seed_4,train only,False,False,S11,False,6393,1599,296,27,27,1,train_channel_standardization,14,14,False
loso,loso_S12_seed_4,train only,False,False,S12,False,6393,1599,296,27,27,1,train_channel_standardization,14,14,False
loso,loso_S13_seed_4,train only,False,False,S13,False,6393,1599,296,27,27,1,train_channel_standardization,14,14,False
loso,loso_S14_seed_4,train only,False,False,S14,False,6393,1599,296,27,27,1,train_channel_standardization,14,14,False
loso,loso_S15_seed_4,train only,False,False,S15,False,6393,1599,296,27,27,1,train_channel_standardization,14,14,False
loso,loso_S16_seed_4,train only,False,False,S16,False,6393,1599,296,27,27,1,train_channel_standardization,14,14,False
loso,loso_S17_seed_4,train only,False,False,S17,False,6393,1599,296,27,27,1,train_channel_standardization,14,14,False
loso,loso_S18_seed_4,train only,False,False,S18,False,6393,1599,296,27,27,1,train_channel_standardization,14,14,False
loso,loso_S19_seed_4,train only,False,False,S19,False,6393,1599,296,27,27,1,train_channel_standardization,14,14,False
loso,loso_S20_seed_4,train only,False,False,S20,False,6393,1599,296,27,27,1,train_channel_standardization,14,14,False
loso,loso_S21_seed_4,train only,False,False,S21,False,6393,1599,296,27,27,1,train_channel_standardization,14,14,False
loso,loso_S22_seed_4,train only,False,False,S22,False,6393,1599,296,27,27,1,train_channel_standardization,14,14,False
loso,loso_S23_seed_4,train only,False,False,S23,False,6393,1599,296,27,27,1,train_channel_standardization,14,14,False
loso,loso_S24_seed_4,train only,False,False,S24,False,6393,1599,296,27,27,1,train_channel_standardization,14,14,False
loso,loso_S25_seed_4,train only,False,False,S25,False,6393,1599,296,27,27,1,train_channel_standardization,14,14,False
loso,loso_S26_seed_4,train only,False,False,S26,False,6393,1599,296,27,27,1,train_channel_standardization,14,14,False
loso,loso_S27_seed_4,train only,False,False,S27,False,6393,1599,296,27,27,1,train_channel_standardization,14,14,False
loso,loso_S28_seed_4,train only,False,False,S28,False,6393,1599,296,27,27,1,train_channel_standardization,14,14,False
subject_dependent,seed_5,train only,False,False,,False,5305,1327,1656,28,28,28,train_channel_standardization,14,14,False
subject_dependent_matched_budget,seed_5,train only,False,False,,False,6393,1599,296,28,28,28,train_channel_standardization,14,14,False
loso,loso_S01_seed_5,train only,False,False,S01,False,6393,1599,296,27,27,1,train_channel_standardization,14,14,False
loso,loso_S02_seed_5,train only,False,False,S02,False,6393,1599,296,27,27,1,train_channel_standardization,14,14,False
loso,loso_S03_seed_5,train only,False,False,S03,False,6393,1599,296,27,27,1,train_channel_standardization,14,14,False
loso,loso_S04_seed_5,train only,False,False,S04,False,6393,1599,296,27,27,1,train_channel_standardization,14,14,False
loso,loso_S05_seed_5,train only,False,False,S05,False,6393,1599,296,27,27,1,train_channel_standardization,14,14,False
loso,loso_S06_seed_5,train only,False,False,S06,False,6393,1599,296,27,27,1,train_channel_standardization,14,14,False
loso,loso_S07_seed_5,train only,False,False,S07,False,6393,1599,296,27,27,1,train_channel_standardization,14,14,False
loso,loso_S08_seed_5,train only,False,False,S08,False,6393,1599,296,27,27,1,train_channel_standardization,14,14,False
loso,loso_S09_seed_5,train only,False,False,S09,False,6393,1599,296,27,27,1,train_channel_standardization,14,14,False
loso,loso_S10_seed_5,train only,False,False,S10,False,6393,1599,296,27,27,1,train_channel_standardization,14,14,False
loso,loso_S11_seed_5,train only,False,False,S11,False,6393,1599,296,27,27,1,train_channel_standardization,14,14,False
loso,loso_S12_seed_5,train only,False,False,S12,False,6393,1599,296,27,27,1,train_channel_standardization,14,14,False
loso,loso_S13_seed_5,train only,False,False,S13,False,6393,1599,296,27,27,1,train_channel_standardization,14,14,False
loso,loso_S14_seed_5,train only,False,False,S14,False,6393,1599,296,27,27,1,train_channel_standardization,14,14,False
loso,loso_S15_seed_5,train only,False,False,S15,False,6393,1599,296,27,27,1,train_channel_standardization,14,14,False
loso,loso_S16_seed_5,train only,False,False,S16,False,6393,1599,296,27,27,1,train_channel_standardization,14,14,False
loso,loso_S17_seed_5,train only,False,False,S17,False,6393,1599,296,27,27,1,train_channel_standardization,14,14,False
loso,loso_S18_seed_5,train only,False,False,S18,False,6393,1599,296,27,27,1,train_channel_standardization,14,14,False
loso,loso_S19_seed_5,train only,False,False,S19,False,6393,1599,296,27,27,1,train_channel_standardization,14,14,False
loso,loso_S20_seed_5,train only,False,False,S20,False,6393,1599,296,27,27,1,train_channel_standardization,14,14,False
loso,loso_S21_seed_5,train only,False,False,S21,False,6393,1599,296,27,27,1,train_channel_standardization,14,14,False
loso,loso_S22_seed_5,train only,False,False,S22,False,6393,1599,296,27,27,1,train_channel_standardization,14,14,False
loso,loso_S23_seed_5,train only,False,False,S23,False,6393,1599,296,27,27,1,train_channel_standardization,14,14,False
loso,loso_S24_seed_5,train only,False,False,S24,False,6393,1599,296,27,27,1,train_channel_standardization,14,14,False
loso,loso_S25_seed_5,train only,False,False,S25,False,6393,1599,296,27,27,1,train_channel_standardization,14,14,False
loso,loso_S26_seed_5,train only,False,False,S26,False,6393,1599,296,27,27,1,train_channel_standardization,14,14,False
loso,loso_S27_seed_5,train only,False,False,S27,False,6393,1599,296,27,27,1,train_channel_standardization,14,14,False
loso,loso_S28_seed_5,train only,False,False,S28,False,6393,1599,296,27,27,1,train_channel_standardization,14,14,False
subject_dependent,seed_6,train only,False,False,,False,5305,1327,1656,28,28,28,train_channel_standardization,14,14,False
subject_dependent_matched_budget,seed_6,train only,False,False,,False,6393,1599,296,28,28,28,train_channel_standardization,14,14,False
loso,loso_S01_seed_6,train only,False,False,S01,False,6393,1599,296,27,27,1,train_channel_standardization,14,14,False
loso,loso_S02_seed_6,train only,False,False,S02,False,6393,1599,296,27,27,1,train_channel_standardization,14,14,False
loso,loso_S03_seed_6,train only,False,False,S03,False,6393,1599,296,27,27,1,train_channel_standardization,14,14,False
loso,loso_S04_seed_6,train only,False,False,S04,False,6393,1599,296,27,27,1,train_channel_standardization,14,14,False
loso,loso_S05_seed_6,train only,False,False,S05,False,6393,1599,296,27,27,1,train_channel_standardization,14,14,False
loso,loso_S06_seed_6,train only,False,False,S06,False,6393,1599,296,27,27,1,train_channel_standardization,14,14,False
loso,loso_S07_seed_6,train only,False,False,S07,False,6393,1599,296,27,27,1,train_channel_standardization,14,14,False
loso,loso_S08_seed_6,train only,False,False,S08,False,6393,1599,296,27,27,1,train_channel_standardization,14,14,False
loso,loso_S09_seed_6,train only,False,False,S09,False,6393,1599,296,27,27,1,train_channel_standardization,14,14,False
loso,loso_S10_seed_6,train only,False,False,S10,False,6393,1599,296,27,27,1,train_channel_standardization,14,14,False
loso,loso_S11_seed_6,train only,False,False,S11,False,6393,1599,296,27,27,1,train_channel_standardization,14,14,False
loso,loso_S12_seed_6,train only,False,False,S12,False,6393,1599,296,27,27,1,train_channel_standardization,14,14,False
loso,loso_S13_seed_6,train only,False,False,S13,False,6393,1599,296,27,27,1,train_channel_standardization,14,14,False
loso,loso_S14_seed_6,train only,False,False,S14,False,6393,1599,296,27,27,1,train_channel_standardization,14,14,False
loso,loso_S15_seed_6,train only,False,False,S15,False,6393,1599,296,27,27,1,train_channel_standardization,14,14,False
loso,loso_S16_seed_6,train only,False,False,S16,False,6393,1599,296,27,27,1,train_channel_standardization,14,14,False
loso,loso_S17_seed_6,train only,False,False,S17,False,6393,1599,296,27,27,1,train_channel_standardization,14,14,False
loso,loso_S18_seed_6,train only,False,False,S18,False,6393,1599,296,27,27,1,train_channel_standardization,14,14,False
loso,loso_S19_seed_6,train only,False,False,S19,False,6393,1599,296,27,27,1,train_channel_standardization,14,14,False
loso,loso_S20_seed_6,train only,False,False,S20,False,6393,1599,296,27,27,1,train_channel_standardization,14,14,False
loso,loso_S21_seed_6,train only,False,False,S21,False,6393,1599,296,27,27,1,train_channel_standardization,14,14,False
loso,loso_S22_seed_6,train only,False,False,S22,False,6393,1599,296,27,27,1,train_channel_standardization,14,14,False
loso,loso_S23_seed_6,train only,False,False,S23,False,6393,1599,296,27,27,1,train_channel_standardization,14,14,False
loso,loso_S24_seed_6,train only,False,False,S24,False,6393,1599,296,27,27,1,train_channel_standardization,14,14,False
loso,loso_S25_seed_6,train only,False,False,S25,False,6393,1599,296,27,27,1,train_channel_standardization,14,14,False
loso,loso_S26_seed_6,train only,False,False,S26,False,6393,1599,296,27,27,1,train_channel_standardization,14,14,False
loso,loso_S27_seed_6,train only,False,False,S27,False,6393,1599,296,27,27,1,train_channel_standardization,14,14,False
loso,loso_S28_seed_6,train only,False,False,S28,False,6393,1599,296,27,27,1,train_channel_standardization,14,14,False
subject_dependent,seed_7,train only,False,False,,False,5305,1327,1656,28,28,28,train_channel_standardization,14,14,False
subject_dependent_matched_budget,seed_7,train only,False,False,,False,6393,1599,296,28,28,28,train_channel_standardization,14,14,False
loso,loso_S01_seed_7,train only,False,False,S01,False,6393,1599,296,27,27,1,train_channel_standardization,14,14,False
loso,loso_S02_seed_7,train only,False,False,S02,False,6393,1599,296,27,27,1,train_channel_standardization,14,14,False
loso,loso_S03_seed_7,train only,False,False,S03,False,6393,1599,296,27,27,1,train_channel_standardization,14,14,False
loso,loso_S04_seed_7,train only,False,False,S04,False,6393,1599,296,27,27,1,train_channel_standardization,14,14,False
loso,loso_S05_seed_7,train only,False,False,S05,False,6393,1599,296,27,27,1,train_channel_standardization,14,14,False
loso,loso_S06_seed_7,train only,False,False,S06,False,6393,1599,296,27,27,1,train_channel_standardization,14,14,False
loso,loso_S07_seed_7,train only,False,False,S07,False,6393,1599,296,27,27,1,train_channel_standardization,14,14,False
loso,loso_S08_seed_7,train only,False,False,S08,False,6393,1599,296,27,27,1,train_channel_standardization,14,14,False
loso,loso_S09_seed_7,train only,False,False,S09,False,6393,1599,296,27,27,1,train_channel_standardization,14,14,False
loso,loso_S10_seed_7,train only,False,False,S10,False,6393,1599,296,27,27,1,train_channel_standardization,14,14,False
loso,loso_S11_seed_7,train only,False,False,S11,False,6393,1599,296,27,27,1,train_channel_standardization,14,14,False
loso,loso_S12_seed_7,train only,False,False,S12,False,6393,1599,296,27,27,1,train_channel_standardization,14,14,False
loso,loso_S13_seed_7,train only,False,False,S13,False,6393,1599,296,27,27,1,train_channel_standardization,14,14,False
loso,loso_S14_seed_7,train only,False,False,S14,False,6393,1599,296,27,27,1,train_channel_standardization,14,14,False
loso,loso_S15_seed_7,train only,False,False,S15,False,6393,1599,296,27,27,1,train_channel_standardization,14,14,False
loso,loso_S16_seed_7,train only,False,False,S16,False,6393,1599,296,27,27,1,train_channel_standardization,14,14,False
loso,loso_S17_seed_7,train only,False,False,S17,False,6393,1599,296,27,27,1,train_channel_standardization,14,14,False
loso,loso_S18_seed_7,train only,False,False,S18,False,6393,1599,296,27,27,1,train_channel_standardization,14,14,False
loso,loso_S19_seed_7,train only,False,False,S19,False,6393,1599,296,27,27,1,train_channel_standardization,14,14,False
loso,loso_S20_seed_7,train only,False,False,S20,False,6393,1599,296,27,27,1,train_channel_standardization,14,14,False
loso,loso_S21_seed_7,train only,False,False,S21,False,6393,1599,296,27,27,1,train_channel_standardization,14,14,False
loso,loso_S22_seed_7,train only,False,False,S22,False,6393,1599,296,27,27,1,train_channel_standardization,14,14,False
loso,loso_S23_seed_7,train only,False,False,S23,False,6393,1599,296,27,27,1,train_channel_standardization,14,14,False
loso,loso_S24_seed_7,train only,False,False,S24,False,6393,1599,296,27,27,1,train_channel_standardization,14,14,False
loso,loso_S25_seed_7,train only,False,False,S25,False,6393,1599,296,27,27,1,train_channel_standardization,14,14,False
loso,loso_S26_seed_7,train only,False,False,S26,False,6393,1599,296,27,27,1,train_channel_standardization,14,14,False
loso,loso_S27_seed_7,train only,False,False,S27,False,6393,1599,296,27,27,1,train_channel_standardization,14,14,False
loso,loso_S28_seed_7,train only,False,False,S28,False,6393,1599,296,27,27,1,train_channel_standardization,14,14,False
subject_dependent,seed_8,train only,False,False,,False,5305,1327,1656,28,28,28,train_channel_standardization,14,14,False
subject_dependent_matched_budget,seed_8,train only,False,False,,False,6393,1599,296,28,28,28,train_channel_standardization,14,14,False
loso,loso_S01_seed_8,train only,False,False,S01,False,6393,1599,296,27,27,1,train_channel_standardization,14,14,False
loso,loso_S02_seed_8,train only,False,False,S02,False,6393,1599,296,27,27,1,train_channel_standardization,14,14,False
loso,loso_S03_seed_8,train only,False,False,S03,False,6393,1599,296,27,27,1,train_channel_standardization,14,14,False
loso,loso_S04_seed_8,train only,False,False,S04,False,6393,1599,296,27,27,1,train_channel_standardization,14,14,False
loso,loso_S05_seed_8,train only,False,False,S05,False,6393,1599,296,27,27,1,train_channel_standardization,14,14,False
loso,loso_S06_seed_8,train only,False,False,S06,False,6393,1599,296,27,27,1,train_channel_standardization,14,14,False
loso,loso_S07_seed_8,train only,False,False,S07,False,6393,1599,296,27,27,1,train_channel_standardization,14,14,False
loso,loso_S08_seed_8,train only,False,False,S08,False,6393,1599,296,27,27,1,train_channel_standardization,14,14,False
loso,loso_S09_seed_8,train only,False,False,S09,False,6393,1599,296,27,27,1,train_channel_standardization,14,14,False
loso,loso_S10_seed_8,train only,False,False,S10,False,6393,1599,296,27,27,1,train_channel_standardization,14,14,False
loso,loso_S11_seed_8,train only,False,False,S11,False,6393,1599,296,27,27,1,train_channel_standardization,14,14,False
loso,loso_S12_seed_8,train only,False,False,S12,False,6393,1599,296,27,27,1,train_channel_standardization,14,14,False
loso,loso_S13_seed_8,train only,False,False,S13,False,6393,1599,296,27,27,1,train_channel_standardization,14,14,False
loso,loso_S14_seed_8,train only,False,False,S14,False,6393,1599,296,27,27,1,train_channel_standardization,14,14,False
loso,loso_S15_seed_8,train only,False,False,S15,False,6393,1599,296,27,27,1,train_channel_standardization,14,14,False
loso,loso_S16_seed_8,train only,False,False,S16,False,6393,1599,296,27,27,1,train_channel_standardization,14,14,False
loso,loso_S17_seed_8,train only,False,False,S17,False,6393,1599,296,27,27,1,train_channel_standardization,14,14,False
loso,loso_S18_seed_8,train only,False,False,S18,False,6393,1599,296,27,27,1,train_channel_standardization,14,14,False
loso,loso_S19_seed_8,train only,False,False,S19,False,6393,1599,296,27,27,1,train_channel_standardization,14,14,False
loso,loso_S20_seed_8,train only,False,False,S20,False,6393,1599,296,27,27,1,train_channel_standardization,14,14,False
loso,loso_S21_seed_8,train only,False,False,S21,False,6393,1599,296,27,27,1,train_channel_standardization,14,14,False
loso,loso_S22_seed_8,train only,False,False,S22,False,6393,1599,296,27,27,1,train_channel_standardization,14,14,False
loso,loso_S23_seed_8,train only,False,False,S23,False,6393,1599,296,27,27,1,train_channel_standardization,14,14,False
loso,loso_S24_seed_8,train only,False,False,S24,False,6393,1599,296,27,27,1,train_channel_standardization,14,14,False
loso,loso_S25_seed_8,train only,False,False,S25,False,6393,1599,296,27,27,1,train_channel_standardization,14,14,False
loso,loso_S26_seed_8,train only,False,False,S26,False,6393,1599,296,27,27,1,train_channel_standardization,14,14,False
loso,loso_S27_seed_8,train only,False,False,S27,False,6393,1599,296,27,27,1,train_channel_standardization,14,14,False
loso,loso_S28_seed_8,train only,False,False,S28,False,6393,1599,296,27,27,1,train_channel_standardization,14,14,False
subject_dependent,seed_9,train only,False,False,,False,5305,1327,1656,28,28,28,train_channel_standardization,14,14,False
subject_dependent_matched_budget,seed_9,train only,False,False,,False,6393,1599,296,28,28,28,train_channel_standardization,14,14,False
loso,loso_S01_seed_9,train only,False,False,S01,False,6393,1599,296,27,27,1,train_channel_standardization,14,14,False
loso,loso_S02_seed_9,train only,False,False,S02,False,6393,1599,296,27,27,1,train_channel_standardization,14,14,False
loso,loso_S03_seed_9,train only,False,False,S03,False,6393,1599,296,27,27,1,train_channel_standardization,14,14,False
loso,loso_S04_seed_9,train only,False,False,S04,False,6393,1599,296,27,27,1,train_channel_standardization,14,14,False
loso,loso_S05_seed_9,train only,False,False,S05,False,6393,1599,296,27,27,1,train_channel_standardization,14,14,False
loso,loso_S06_seed_9,train only,False,False,S06,False,6393,1599,296,27,27,1,train_channel_standardization,14,14,False
loso,loso_S07_seed_9,train only,False,False,S07,False,6393,1599,296,27,27,1,train_channel_standardization,14,14,False
loso,loso_S08_seed_9,train only,False,False,S08,False,6393,1599,296,27,27,1,train_channel_standardization,14,14,False
loso,loso_S09_seed_9,train only,False,False,S09,False,6393,1599,296,27,27,1,train_channel_standardization,14,14,False
loso,loso_S10_seed_9,train only,False,False,S10,False,6393,1599,296,27,27,1,train_channel_standardization,14,14,False
loso,loso_S11_seed_9,train only,False,False,S11,False,6393,1599,296,27,27,1,train_channel_standardization,14,14,False
loso,loso_S12_seed_9,train only,False,False,S12,False,6393,1599,296,27,27,1,train_channel_standardization,14,14,False
loso,loso_S13_seed_9,train only,False,False,S13,False,6393,1599,296,27,27,1,train_channel_standardization,14,14,False
loso,loso_S14_seed_9,train only,False,False,S14,False,6393,1599,296,27,27,1,train_channel_standardization,14,14,False
loso,loso_S15_seed_9,train only,False,False,S15,False,6393,1599,296,27,27,1,train_channel_standardization,14,14,False
loso,loso_S16_seed_9,train only,False,False,S16,False,6393,1599,296,27,27,1,train_channel_standardization,14,14,False
loso,loso_S17_seed_9,train only,False,False,S17,False,6393,1599,296,27,27,1,train_channel_standardization,14,14,False
loso,loso_S18_seed_9,train only,False,False,S18,False,6393,1599,296,27,27,1,train_channel_standardization,14,14,False
loso,loso_S19_seed_9,train only,False,False,S19,False,6393,1599,296,27,27,1,train_channel_standardization,14,14,False
loso,loso_S20_seed_9,train only,False,False,S20,False,6393,1599,296,27,27,1,train_channel_standardization,14,14,False
loso,loso_S21_seed_9,train only,False,False,S21,False,6393,1599,296,27,27,1,train_channel_standardization,14,14,False
loso,loso_S22_seed_9,train only,False,False,S22,False,6393,1599,296,27,27,1,train_channel_standardization,14,14,False
loso,loso_S23_seed_9,train only,False,False,S23,False,6393,1599,296,27,27,1,train_channel_standardization,14,14,False
loso,loso_S24_seed_9,train only,False,False,S24,False,6393,1599,296,27,27,1,train_channel_standardization,14,14,False
loso,loso_S25_seed_9,train only,False,False,S25,False,6393,1599,296,27,27,1,train_channel_standardization,14,14,False
loso,loso_S26_seed_9,train only,False,False,S26,False,6393,1599,296,27,27,1,train_channel_standardization,14,14,False
loso,loso_S27_seed_9,train only,False,False,S27,False,6393,1599,296,27,27,1,train_channel_standardization,14,14,False
loso,loso_S28_seed_9,train only,False,False,S28,False,6393,1599,296,27,27,1,train_channel_standardization,14,14,False
