protocol,random_seed,split,field,value,count,proportion,split_total_windows
subject_dependent_matched_budget,0,fit,label,boring,1599,0.250117,6393
subject_dependent_matched_budget,0,fit,label,calm,1598,0.249961,6393
subject_dependent_matched_budget,0,fit,label,funny,1598,0.249961,6393
subject_dependent_matched_budget,0,fit,label,horror,1598,0.249961,6393
subject_dependent_matched_budget,0,fit,game,G1,1599,0.250117,6393
subject_dependent_matched_budget,0,fit,game,G2,1598,0.249961,6393
subject_dependent_matched_budget,0,fit,game,G3,1598,0.249961,6393
subject_dependent_matched_budget,0,fit,game,G4,1598,0.249961,6393
subject_dependent_matched_budget,0,fit,subject,S01,224,0.035038,6393
subject_dependent_matched_budget,0,fit,subject,S02,215,0.033631,6393
subject_dependent_matched_budget,0,fit,subject,S03,235,0.036759,6393
subject_dependent_matched_budget,0,fit,subject,S04,226,0.035351,6393
subject_dependent_matched_budget,0,fit,subject,S05,229,0.035820,6393
subject_dependent_matched_budget,0,fit,subject,S06,241,0.037697,6393
subject_dependent_matched_budget,0,fit,subject,S07,223,0.034882,6393
subject_dependent_matched_budget,0,fit,subject,S08,233,0.036446,6393
subject_dependent_matched_budget,0,fit,subject,S09,235,0.036759,6393
subject_dependent_matched_budget,0,fit,subject,S10,231,0.036133,6393
subject_dependent_matched_budget,0,fit,subject,S11,218,0.034100,6393
subject_dependent_matched_budget,0,fit,subject,S12,232,0.036290,6393
subject_dependent_matched_budget,0,fit,subject,S13,223,0.034882,6393
subject_dependent_matched_budget,0,fit,subject,S14,220,0.034413,6393
subject_dependent_matched_budget,0,fit,subject,S15,225,0.035195,6393
subject_dependent_matched_budget,0,fit,subject,S16,230,0.035977,6393
subject_dependent_matched_budget,0,fit,subject,S17,232,0.036290,6393
subject_dependent_matched_budget,0,fit,subject,S18,240,0.037541,6393
subject_dependent_matched_budget,0,fit,subject,S19,222,0.034725,6393
subject_dependent_matched_budget,0,fit,subject,S20,233,0.036446,6393
subject_dependent_matched_budget,0,fit,subject,S21,239,0.037385,6393
subject_dependent_matched_budget,0,fit,subject,S22,220,0.034413,6393
subject_dependent_matched_budget,0,fit,subject,S23,213,0.033318,6393
subject_dependent_matched_budget,0,fit,subject,S24,227,0.035508,6393
subject_dependent_matched_budget,0,fit,subject,S25,226,0.035351,6393
subject_dependent_matched_budget,0,fit,subject,S26,230,0.035977,6393
subject_dependent_matched_budget,0,fit,subject,S27,234,0.036603,6393
subject_dependent_matched_budget,0,fit,subject,S28,237,0.037072,6393
subject_dependent_matched_budget,0,validation,label,boring,399,0.249531,1599
subject_dependent_matched_budget,0,validation,label,calm,400,0.250156,1599
subject_dependent_matched_budget,0,validation,label,funny,400,0.250156,1599
subject_dependent_matched_budget,0,validation,label,horror,400,0.250156,1599
subject_dependent_matched_budget,0,validation,game,G1,399,0.249531,1599
subject_dependent_matched_budget,0,validation,game,G2,400,0.250156,1599
subject_dependent_matched_budget,0,validation,game,G3,400,0.250156,1599
subject_dependent_matched_budget,0,validation,game,G4,400,0.250156,1599
subject_dependent_matched_budget,0,validation,subject,S01,61,0.038149,1599
subject_dependent_matched_budget,0,validation,subject,S02,66,0.041276,1599
subject_dependent_matched_budget,0,validation,subject,S03,50,0.031270,1599
subject_dependent_matched_budget,0,validation,subject,S04,63,0.039400,1599
subject_dependent_matched_budget,0,validation,subject,S05,56,0.035022,1599
subject_dependent_matched_budget,0,validation,subject,S06,46,0.028768,1599
subject_dependent_matched_budget,0,validation,subject,S07,62,0.038774,1599
subject_dependent_matched_budget,0,validation,subject,S08,48,0.030019,1599
subject_dependent_matched_budget,0,validation,subject,S09,53,0.033146,1599
subject_dependent_matched_budget,0,validation,subject,S10,52,0.032520,1599
subject_dependent_matched_budget,0,validation,subject,S11,68,0.042527,1599
subject_dependent_matched_budget,0,validation,subject,S12,55,0.034396,1599
subject_dependent_matched_budget,0,validation,subject,S13,66,0.041276,1599
subject_dependent_matched_budget,0,validation,subject,S14,70,0.043777,1599
subject_dependent_matched_budget,0,validation,subject,S15,56,0.035022,1599
subject_dependent_matched_budget,0,validation,subject,S16,52,0.032520,1599
subject_dependent_matched_budget,0,validation,subject,S17,53,0.033146,1599
subject_dependent_matched_budget,0,validation,subject,S18,49,0.030644,1599
subject_dependent_matched_budget,0,validation,subject,S19,55,0.034396,1599
subject_dependent_matched_budget,0,validation,subject,S20,51,0.031895,1599
subject_dependent_matched_budget,0,validation,subject,S21,42,0.026266,1599
subject_dependent_matched_budget,0,validation,subject,S22,68,0.042527,1599
subject_dependent_matched_budget,0,validation,subject,S23,76,0.047530,1599
subject_dependent_matched_budget,0,validation,subject,S24,58,0.036273,1599
subject_dependent_matched_budget,0,validation,subject,S25,62,0.038774,1599
subject_dependent_matched_budget,0,validation,subject,S26,57,0.035647,1599
subject_dependent_matched_budget,0,validation,subject,S27,53,0.033146,1599
subject_dependent_matched_budget,0,validation,subject,S28,51,0.031895,1599
subject_dependent_matched_budget,0,test,label,boring,74,0.250000,296
subject_dependent_matched_budget,0,test,label,calm,74,0.250000,296
subject_dependent_matched_budget,0,test,label,funny,74,0.250000,296
subject_dependent_matched_budget,0,test,label,horror,74,0.250000,296
subject_dependent_matched_budget,0,test,game,G1,74,0.250000,296
subject_dependent_matched_budget,0,test,game,G2,74,0.250000,296
subject_dependent_matched_budget,0,test,game,G3,74,0.250000,296
subject_dependent_matched_budget,0,test,game,G4,74,0.250000,296
subject_dependent_matched_budget,0,test,subject,S01,11,0.037162,296
subject_dependent_matched_budget,0,test,subject,S02,15,0.050676,296
subject_dependent_matched_budget,0,test,subject,S03,11,0.037162,296
subject_dependent_matched_budget,0,test,subject,S04,7,0.023649,296
subject_dependent_matched_budget,0,test,subject,S05,11,0.037162,296
subject_dependent_matched_budget,0,test,subject,S06,9,0.030405,296
subject_dependent_matched_budget,0,test,subject,S07,11,0.037162,296
subject_dependent_matched_budget,0,test,subject,S08,15,0.050676,296
subject_dependent_matched_budget,0,test,subject,S09,8,0.027027,296
subject_dependent_matched_budget,0,test,subject,S10,13,0.043919,296
subject_dependent_matched_budget,0,test,subject,S11,10,0.033784,296
subject_dependent_matched_budget,0,test,subject,S12,9,0.030405,296
subject_dependent_matched_budget,0,test,subject,S13,7,0.023649,296
subject_dependent_matched_budget,0,test,subject,S14,6,0.020270,296
subject_dependent_matched_budget,0,test,subject,S15,15,0.050676,296
subject_dependent_matched_budget,0,test,subject,S16,14,0.047297,296
subject_dependent_matched_budget,0,test,subject,S17,11,0.037162,296
subject_dependent_matched_budget,0,test,subject,S18,7,0.023649,296
subject_dependent_matched_budget,0,test,subject,S19,19,0.064189,296
subject_dependent_matched_budget,0,test,subject,S20,12,0.040541,296
subject_dependent_matched_budget,0,test,subject,S21,15,0.050676,296
subject_dependent_matched_budget,0,test,subject,S22,8,0.027027,296
subject_dependent_matched_budget,0,test,subject,S23,7,0.023649,296
subject_dependent_matched_budget,0,test,subject,S24,11,0.037162,296
subject_dependent_matched_budget,0,test,subject,S25,8,0.027027,296
subject_dependent_matched_budget,0,test,subject,S26,9,0.030405,296
subject_dependent_matched_budget,0,test,subject,S27,9,0.030405,296
subject_dependent_matched_budget,0,test,subject,S28,8,0.027027,296
subject_dependent_matched_budget,1,fit,label,boring,1599,0.250117,6393
subject_dependent_matched_budget,1,fit,label,calm,1598,0.249961,6393
subject_dependent_matched_budget,1,fit,label,funny,1598,0.249961,6393
subject_dependent_matched_budget,1,fit,label,horror,1598,0.249961,6393
subject_dependent_matched_budget,1,fit,game,G1,1599,0.250117,6393
subject_dependent_matched_budget,1,fit,game,G2,1598,0.249961,6393
subject_dependent_matched_budget,1,fit,game,G3,1598,0.249961,6393
subject_dependent_matched_budget,1,fit,game,G4,1598,0.249961,6393
subject_dependent_matched_budget,1,fit,subject,S01,231,0.036133,6393
subject_dependent_matched_budget,1,fit,subject,S02,216,0.033787,6393
subject_dependent_matched_budget,1,fit,subject,S03,243,0.038010,6393
subject_dependent_matched_budget,1,fit,subject,S04,222,0.034725,6393
subject_dependent_matched_budget,1,fit,subject,S05,230,0.035977,6393
subject_dependent_matched_budget,1,fit,subject,S06,222,0.034725,6393
subject_dependent_matched_budget,1,fit,subject,S07,232,0.036290,6393
subject_dependent_matched_budget,1,fit,subject,S08,216,0.033787,6393
subject_dependent_matched_budget,1,fit,subject,S09,221,0.034569,6393
subject_dependent_matched_budget,1,fit,subject,S10,232,0.036290,6393
subject_dependent_matched_budget,1,fit,subject,S11,228,0.035664,6393
subject_dependent_matched_budget,1,fit,subject,S12,228,0.035664,6393
subject_dependent_matched_budget,1,fit,subject,S13,228,0.035664,6393
subject_dependent_matched_budget,1,fit,subject,S14,225,0.035195,6393
subject_dependent_matched_budget,1,fit,subject,S15,231,0.036133,6393
subject_dependent_matched_budget,1,fit,subject,S16,231,0.036133,6393
subject_dependent_matched_budget,1,fit,subject,S17,232,0.036290,6393
subject_dependent_matched_budget,1,fit,subject,S18,230,0.035977,6393
subject_dependent_matched_budget,1,fit,subject,S19,236,0.036915,6393
subject_dependent_matched_budget,1,fit,subject,S20,234,0.036603,6393
subject_dependent_matched_budget,1,fit,subject,S21,234,0.036603,6393
subject_dependent_matched_budget,1,fit,subject,S22,223,0.034882,6393
subject_dependent_matched_budget,1,fit,subject,S23,233,0.036446,6393
subject_dependent_matched_budget,1,fit,subject,S24,229,0.035820,6393
subject_dependent_matched_budget,1,fit,subject,S25,228,0.035664,6393
subject_dependent_matched_budget,1,fit,subject,S26,222,0.034725,6393
subject_dependent_matched_budget,1,fit,subject,S27,232,0.036290,6393
subject_dependent_matched_budget,1,fit,subject,S28,224,0.035038,6393
subject_dependent_matched_budget,1,validation,label,boring,399,0.249531,1599
subject_dependent_matched_budget,1,validation,label,calm,400,0.250156,1599
subject_dependent_matched_budget,1,validation,label,funny,400,0.250156,1599
subject_dependent_matched_budget,1,validation,label,horror,400,0.250156,1599
subject_dependent_matched_budget,1,validation,game,G1,399,0.249531,1599
subject_dependent_matched_budget,1,validation,game,G2,400,0.250156,1599
subject_dependent_matched_budget,1,validation,game,G3,400,0.250156,1599
subject_dependent_matched_budget,1,validation,game,G4,400,0.250156,1599
subject_dependent_matched_budget,1,validation,subject,S01,56,0.035022,1599
subject_dependent_matched_budget,1,validation,subject,S02,63,0.039400,1599
subject_dependent_matched_budget,1,validation,subject,S03,44,0.027517,1599
subject_dependent_matched_budget,1,validation,subject,S04,64,0.040025,1599
subject_dependent_matched_budget,1,validation,subject,S05,60,0.037523,1599
subject_dependent_matched_budget,1,validation,subject,S06,63,0.039400,1599
subject_dependent_matched_budget,1,validation,subject,S07,55,0.034396,1599
subject_dependent_matched_budget,1,validation,subject,S08,67,0.041901,1599
subject_dependent_matched_budget,1,validation,subject,S09,65,0.040650,1599
subject_dependent_matched_budget,1,validation,subject,S10,49,0.030644,1599
subject_dependent_matched_budget,1,validation,subject,S11,56,0.035022,1599
subject_dependent_matched_budget,1,validation,subject,S12,58,0.036273,1599
subject_dependent_matched_budget,1,validation,subject,S13,56,0.035022,1599
subject_dependent_matched_budget,1,validation,subject,S14,56,0.035022,1599
subject_dependent_matched_budget,1,validation,subject,S15,51,0.031895,1599
subject_dependent_matched_budget,1,validation,subject,S16,60,0.037523,1599
subject_dependent_matched_budget,1,validation,subject,S17,57,0.035647,1599
subject_dependent_matched_budget,1,validation,subject,S18,58,0.036273,1599
subject_dependent_matched_budget,1,validation,subject,S19,51,0.031895,1599
subject_dependent_matched_budget,1,validation,subject,S20,52,0.032520,1599
subject_dependent_matched_budget,1,validation,subject,S21,51,0.031895,1599
subject_dependent_matched_budget,1,validation,subject,S22,67,0.041901,1599
subject_dependent_matched_budget,1,validation,subject,S23,56,0.035022,1599
subject_dependent_matched_budget,1,validation,subject,S24,49,0.030644,1599
subject_dependent_matched_budget,1,validation,subject,S25,56,0.035022,1599
subject_dependent_matched_budget,1,validation,subject,S26,61,0.038149,1599
subject_dependent_matched_budget,1,validation,subject,S27,56,0.035022,1599
subject_dependent_matched_budget,1,validation,subject,S28,62,0.038774,1599
subject_dependent_matched_budget,1,test,label,boring,74,0.250000,296
subject_dependent_matched_budget,1,test,label,calm,74,0.250000,296
subject_dependent_matched_budget,1,test,label,funny,74,0.250000,296
subject_dependent_matched_budget,1,test,label,horror,74,0.250000,296
subject_dependent_matched_budget,1,test,game,G1,74,0.250000,296
subject_dependent_matched_budget,1,test,game,G2,74,0.250000,296
subject_dependent_matched_budget,1,test,game,G3,74,0.250000,296
subject_dependent_matched_budget,1,test,game,G4,74,0.250000,296
subject_dependent_matched_budget,1,test,subject,S01,9,0.030405,296
subject_dependent_matched_budget,1,test,subject,S02,17,0.057432,296
subject_dependent_matched_budget,1,test,subject,S03,9,0.030405,296
subject_dependent_matched_budget,1,test,subject,S04,10,0.033784,296
subject_dependent_matched_budget,1,test,subject,S05,6,0.020270,296
subject_dependent_matched_budget,1,test,subject,S06,11,0.037162,296
subject_dependent_matched_budget,1,test,subject,S07,9,0.030405,296
subject_dependent_matched_budget,1,test,subject,S08,13,0.043919,296
subject_dependent_matched_budget,1,test,subject,S09,10,0.033784,296
subject_dependent_matched_budget,1,test,subject,S10,15,0.050676,296
subject_dependent_matched_budget,1,test,subject,S11,12,0.040541,296
subject_dependent_matched_budget,1,test,subject,S12,10,0.033784,296
subject_dependent_matched_budget,1,test,subject,S13,12,0.040541,296
subject_dependent_matched_budget,1,test,subject,S14,15,0.050676,296
subject_dependent_matched_budget,1,test,subject,S15,14,0.047297,296
subject_dependent_matched_budget,1,test,subject,S16,5,0.016892,296
subject_dependent_matched_budget,1,test,subject,S17,7,0.023649,296
subject_dependent_matched_budget,1,test,subject,S18,8,0.027027,296
subject_dependent_matched_budget,1,test,subject,S19,9,0.030405,296
subject_dependent_matched_budget,1,test,subject,S20,10,0.033784,296
subject_dependent_matched_budget,1,test,subject,S21,11,0.037162,296
subject_dependent_matched_budget,1,test,subject,S22,6,0.020270,296
subject_dependent_matched_budget,1,test,subject,S23,7,0.023649,296
subject_dependent_matched_budget,1,test,subject,S24,18,0.060811,296
subject_dependent_matched_budget,1,test,subject,S25,12,0.040541,296
subject_dependent_matched_budget,1,test,subject,S26,13,0.043919,296
subject_dependent_matched_budget,1,test,subject,S27,8,0.027027,296
subject_dependent_matched_budget,1,test,subject,S28,10,0.033784,296
subject_dependent_matched_budget,2,fit,label,boring,1599,0.250117,6393
subject_dependent_matched_budget,2,fit,label,calm,1598,0.249961,6393
subject_dependent_matched_budget,2,fit,label,funny,1598,0.249961,6393
subject_dependent_matched_budget,2,fit,label,horror,1598,0.249961,6393
subject_dependent_matched_budget,2,fit,game,G1,1599,0.250117,6393
subject_dependent_matched_budget,2,fit,game,G2,1598,0.249961,6393
subject_dependent_matched_budget,2,fit,game,G3,1598,0.249961,6393
subject_dependent_matched_budget,2,fit,game,G4,1598,0.249961,6393
subject_dependent_matched_budget,2,fit,subject,S01,223,0.034882,6393
subject_dependent_matched_budget,2,fit,subject,S02,240,0.037541,6393
subject_dependent_matched_budget,2,fit,subject,S03,227,0.035508,6393
subject_dependent_matched_budget,2,fit,subject,S04,236,0.036915,6393
subject_dependent_matched_budget,2,fit,subject,S05,233,0.036446,6393
subject_dependent_matched_budget,2,fit,subject,S06,232,0.036290,6393
subject_dependent_matched_budget,2,fit,subject,S07,227,0.035508,6393
subject_dependent_matched_budget,2,fit,subject,S08,231,0.036133,6393
subject_dependent_matched_budget,2,fit,subject,S09,229,0.035820,6393
subject_dependent_matched_budget,2,fit,subject,S10,223,0.034882,6393
subject_dependent_matched_budget,2,fit,subject,S11,231,0.036133,6393
subject_dependent_matched_budget,2,fit,subject,S12,221,0.034569,6393
subject_dependent_matched_budget,2,fit,subject,S13,221,0.034569,6393
subject_dependent_matched_budget,2,fit,subject,S14,230,0.035977,6393
subject_dependent_matched_budget,2,fit,subject,S15,230,0.035977,6393
subject_dependent_matched_budget,2,fit,subject,S16,239,0.037385,6393
subject_dependent_matched_budget,2,fit,subject,S17,222,0.034725,6393
subject_dependent_matched_budget,2,fit,subject,S18,239,0.037385,6393
subject_dependent_matched_budget,2,fit,subject,S19,229,0.035820,6393
subject_dependent_matched_budget,2,fit,subject,S20,229,0.035820,6393
subject_dependent_matched_budget,2,fit,subject,S21,216,0.033787,6393
subject_dependent_matched_budget,2,fit,subject,S22,226,0.035351,6393
subject_dependent_matched_budget,2,fit,subject,S23,234,0.036603,6393
subject_dependent_matched_budget,2,fit,subject,S24,226,0.035351,6393
subject_dependent_matched_budget,2,fit,subject,S25,216,0.033787,6393
subject_dependent_matched_budget,2,fit,subject,S26,234,0.036603,6393
subject_dependent_matched_budget,2,fit,subject,S27,229,0.035820,6393
subject_dependent_matched_budget,2,fit,subject,S28,220,0.034413,6393
subject_dependent_matched_budget,2,validation,label,boring,399,0.249531,1599
subject_dependent_matched_budget,2,validation,label,calm,400,0.250156,1599
subject_dependent_matched_budget,2,validation,label,funny,400,0.250156,1599
subject_dependent_matched_budget,2,validation,label,horror,400,0.250156,1599
subject_dependent_matched_budget,2,validation,game,G1,399,0.249531,1599
subject_dependent_matched_budget,2,validation,game,G2,400,0.250156,1599
subject_dependent_matched_budget,2,validation,game,G3,400,0.250156,1599
subject_dependent_matched_budget,2,validation,game,G4,400,0.250156,1599
subject_dependent_matched_budget,2,validation,subject,S01,66,0.041276,1599
subject_dependent_matched_budget,2,validation,subject,S02,46,0.028768,1599
subject_dependent_matched_budget,2,validation,subject,S03,54,0.033771,1599
subject_dependent_matched_budget,2,validation,subject,S04,49,0.030644,1599
subject_dependent_matched_budget,2,validation,subject,S05,52,0.032520,1599
subject_dependent_matched_budget,2,validation,subject,S06,58,0.036273,1599
subject_dependent_matched_budget,2,validation,subject,S07,60,0.037523,1599
subject_dependent_matched_budget,2,validation,subject,S08,56,0.035022,1599
subject_dependent_matched_budget,2,validation,subject,S09,57,0.035647,1599
subject_dependent_matched_budget,2,validation,subject,S10,64,0.040025,1599
subject_dependent_matched_budget,2,validation,subject,S11,54,0.033771,1599
subject_dependent_matched_budget,2,validation,subject,S12,62,0.038774,1599
subject_dependent_matched_budget,2,validation,subject,S13,64,0.040025,1599
subject_dependent_matched_budget,2,validation,subject,S14,58,0.036273,1599
subject_dependent_matched_budget,2,validation,subject,S15,51,0.031895,1599
subject_dependent_matched_budget,2,validation,subject,S16,49,0.030644,1599
subject_dependent_matched_budget,2,validation,subject,S17,58,0.036273,1599
subject_dependent_matched_budget,2,validation,subject,S18,51,0.031895,1599
subject_dependent_matched_budget,2,validation,subject,S19,58,0.036273,1599
subject_dependent_matched_budget,2,validation,subject,S20,56,0.035022,1599
subject_dependent_matched_budget,2,validation,subject,S21,72,0.045028,1599
subject_dependent_matched_budget,2,validation,subject,S22,62,0.038774,1599
subject_dependent_matched_budget,2,validation,subject,S23,51,0.031895,1599
subject_dependent_matched_budget,2,validation,subject,S24,54,0.033771,1599
subject_dependent_matched_budget,2,validation,subject,S25,66,0.041276,1599
subject_dependent_matched_budget,2,validation,subject,S26,55,0.034396,1599
subject_dependent_matched_budget,2,validation,subject,S27,58,0.036273,1599
subject_dependent_matched_budget,2,validation,subject,S28,58,0.036273,1599
subject_dependent_matched_budget,2,test,label,boring,74,0.250000,296
subject_dependent_matched_budget,2,test,label,calm,74,0.250000,296
subject_dependent_matched_budget,2,test,label,funny,74,0.250000,296
subject_dependent_matched_budget,2,test,label,horror,74,0.250000,296
subject_dependent_matched_budget,2,test,game,G1,74,0.250000,296
subject_dependent_matched_budget,2,test,game,G2,74,0.250000,296
subject_dependent_matched_budget,2,test,game,G3,74,0.250000,296
subject_dependent_matched_budget,2,test,game,G4,74,0.250000,296
subject_dependent_matched_budget,2,test,subject,S01,7,0.023649,296
subject_dependent_matched_budget,2,test,subject,S02,10,0.033784,296
subject_dependent_matched_budget,2,test,subject,S03,15,0.050676,296
subject_dependent_matched_budget,2,test,subject,S04,11,0.037162,296
subject_dependent_matched_budget,2,test,subject,S05,11,0.037162,296
subject_dependent_matched_budget,2,test,subject,S06,6,0.020270,296
subject_dependent_matched_budget,2,test,subject,S07,9,0.030405,296
subject_dependent_matched_budget,2,test,subject,S08,9,0.030405,296
subject_dependent_matched_budget,2,test,subject,S09,10,0.033784,296
subject_dependent_matched_budget,2,test,subject,S10,9,0.030405,296
subject_dependent_matched_budget,2,test,subject,S11,11,0.037162,296
subject_dependent_matched_budget,2,test,subject,S12,13,0.043919,296
subject_dependent_matched_budget,2,test,subject,S13,11,0.037162,296
subject_dependent_matched_budget,2,test,subject,S14,8,0.027027,296
subject_dependent_matched_budget,2,test,subject,S15,15,0.050676,296
subject_dependent_matched_budget,2,test,subject,S16,8,0.027027,296
subject_dependent_matched_budget,2,test,subject,S17,16,0.054054,296
subject_dependent_matched_budget,2,test,subject,S18,6,0.020270,296
subject_dependent_matched_budget,2,test,subject,S19,9,0.030405,296
subject_dependent_matched_budget,2,test,subject,S20,11,0.037162,296
subject_dependent_matched_budget,2,test,subject,S21,8,0.027027,296
subject_dependent_matched_budget,2,test,subject,S22,8,0.027027,296
subject_dependent_matched_budget,2,test,subject,S23,11,0.037162,296
subject_dependent_matched_budget,2,test,subject,S24,16,0.054054,296
subject_dependent_matched_budget,2,test,subject,S25,14,0.047297,296
subject_dependent_matched_budget,2,test,subject,S26,7,0.023649,296
subject_dependent_matched_budget,2,test,subject,S27,9,0.030405,296
subject_dependent_matched_budget,2,test,subject,S28,18,0.060811,296
subject_dependent_matched_budget,3,fit,label,boring,1599,0.250117,6393
subject_dependent_matched_budget,3,fit,label,calm,1598,0.249961,6393
subject_dependent_matched_budget,3,fit,label,funny,1598,0.249961,6393
subject_dependent_matched_budget,3,fit,label,horror,1598,0.249961,6393
subject_dependent_matched_budget,3,fit,game,G1,1599,0.250117,6393
subject_dependent_matched_budget,3,fit,game,G2,1598,0.249961,6393
subject_dependent_matched_budget,3,fit,game,G3,1598,0.249961,6393
subject_dependent_matched_budget,3,fit,game,G4,1598,0.249961,6393
subject_dependent_matched_budget,3,fit,subject,S01,225,0.035195,6393
subject_dependent_matched_budget,3,fit,subject,S02,217,0.033943,6393
subject_dependent_matched_budget,3,fit,subject,S03,236,0.036915,6393
subject_dependent_matched_budget,3,fit,subject,S04,219,0.034256,6393
subject_dependent_matched_budget,3,fit,subject,S05,225,0.035195,6393
subject_dependent_matched_budget,3,fit,subject,S06,237,0.037072,6393
subject_dependent_matched_budget,3,fit,subject,S07,229,0.035820,6393
subject_dependent_matched_budget,3,fit,subject,S08,244,0.038167,6393
subject_dependent_matched_budget,3,fit,subject,S09,223,0.034882,6393
subject_dependent_matched_budget,3,fit,subject,S10,225,0.035195,6393
subject_dependent_matched_budget,3,fit,subject,S11,238,0.037228,6393
subject_dependent_matched_budget,3,fit,subject,S12,226,0.035351,6393
subject_dependent_matched_budget,3,fit,subject,S13,240,0.037541,6393
subject_dependent_matched_budget,3,fit,subject,S14,220,0.034413,6393
subject_dependent_matched_budget,3,fit,subject,S15,226,0.035351,6393
subject_dependent_matched_budget,3,fit,subject,S16,235,0.036759,6393
subject_dependent_matched_budget,3,fit,subject,S17,219,0.034256,6393
subject_dependent_matched_budget,3,fit,subject,S18,232,0.036290,6393
subject_dependent_matched_budget,3,fit,subject,S19,233,0.036446,6393
subject_dependent_matched_budget,3,fit,subject,S20,234,0.036603,6393
subject_dependent_matched_budget,3,fit,subject,S21,212,0.033161,6393
subject_dependent_matched_budget,3,fit,subject,S22,232,0.036290,6393
subject_dependent_matched_budget,3,fit,subject,S23,225,0.035195,6393
subject_dependent_matched_budget,3,fit,subject,S24,226,0.035351,6393
subject_dependent_matched_budget,3,fit,subject,S25,229,0.035820,6393
subject_dependent_matched_budget,3,fit,subject,S26,223,0.034882,6393
subject_dependent_matched_budget,3,fit,subject,S27,233,0.036446,6393
subject_dependent_matched_budget,3,fit,subject,S28,230,0.035977,6393
subject_dependent_matched_budget,3,validation,label,boring,399,0.249531,1599
subject_dependent_matched_budget,3,validation,label,calm,400,0.250156,1599
subject_dependent_matched_budget,3,validation,label,funny,400,0.250156,1599
subject_dependent_matched_budget,3,validation,label,horror,400,0.250156,1599
subject_dependent_matched_budget,3,validation,game,G1,399,0.249531,1599
subject_dependent_matched_budget,3,validation,game,G2,400,0.250156,1599
subject_dependent_matched_budget,3,validation,game,G3,400,0.250156,1599
subject_dependent_matched_budget,3,validation,game,G4,400,0.250156,1599
subject_dependent_matched_budget,3,validation,subject,S01,58,0.036273,1599
subject_dependent_matched_budget,3,validation,subject,S02,65,0.040650,1599
subject_dependent_matched_budget,3,validation,subject,S03,52,0.032520,1599
subject_dependent_matched_budget,3,validation,subject,S04,69,0.043152,1599
subject_dependent_matched_budget,3,validation,subject,S05,57,0.035647,1599
subject_dependent_matched_budget,3,validation,subject,S06,49,0.030644,1599
subject_dependent_matched_budget,3,validation,subject,S07,57,0.035647,1599
subject_dependent_matched_budget,3,validation,subject,S08,44,0.027517,1599
subject_dependent_matched_budget,3,validation,subject,S09,62,0.038774,1599
subject_dependent_matched_budget,3,validation,subject,S10,61,0.038149,1599
subject_dependent_matched_budget,3,validation,subject,S11,48,0.030019,1599
subject_dependent_matched_budget,3,validation,subject,S12,54,0.033771,1599
subject_dependent_matched_budget,3,validation,subject,S13,41,0.025641,1599
subject_dependent_matched_budget,3,validation,subject,S14,62,0.038774,1599
subject_dependent_matched_budget,3,validation,subject,S15,58,0.036273,1599
subject_dependent_matched_budget,3,validation,subject,S16,53,0.033146,1599
subject_dependent_matched_budget,3,validation,subject,S17,68,0.042527,1599
subject_dependent_matched_budget,3,validation,subject,S18,54,0.033771,1599
subject_dependent_matched_budget,3,validation,subject,S19,53,0.033146,1599
subject_dependent_matched_budget,3,validation,subject,S20,56,0.035022,1599
subject_dependent_matched_budget,3,validation,subject,S21,73,0.045654,1599
subject_dependent_matched_budget,3,validation,subject,S22,56,0.035022,1599
subject_dependent_matched_budget,3,validation,subject,S23,63,0.039400,1599
subject_dependent_matched_budget,3,validation,subject,S24,55,0.034396,1599
subject_dependent_matched_budget,3,validation,subject,S25,58,0.036273,1599
subject_dependent_matched_budget,3,validation,subject,S26,63,0.039400,1599
subject_dependent_matched_budget,3,validation,subject,S27,53,0.033146,1599
subject_dependent_matched_budget,3,validation,subject,S28,57,0.035647,1599
subject_dependent_matched_budget,3,test,label,boring,74,0.250000,296
subject_dependent_matched_budget,3,test,label,calm,74,0.250000,296
subject_dependent_matched_budget,3,test,label,funny,74,0.250000,296
subject_dependent_matched_budget,3,test,label,horror,74,0.250000,296
subject_dependent_matched_budget,3,test,game,G1,74,0.250000,296
subject_dependent_matched_budget,3,test,game,G2,74,0.250000,296
subject_dependent_matched_budget,3,test,game,G3,74,0.250000,296
subject_dependent_matched_budget,3,test,game,G4,74,0.250000,296
subject_dependent_matched_budget,3,test,subject,S01,13,0.043919,296
subject_dependent_matched_budget,3,test,subject,S02,14,0.047297,296
subject_dependent_matched_budget,3,test,subject,S03,8,0.027027,296
subject_dependent_matched_budget,3,test,subject,S04,8,0.027027,296
subject_dependent_matched_budget,3,test,subject,S05,14,0.047297,296
subject_dependent_matched_budget,3,test,subject,S06,10,0.033784,296
subject_dependent_matched_budget,3,test,subject,S07,10,0.033784,296
subject_dependent_matched_budget,3,test,subject,S08,8,0.027027,296
subject_dependent_matched_budget,3,test,subject,S09,11,0.037162,296
subject_dependent_matched_budget,3,test,subject,S10,10,0.033784,296
subject_dependent_matched_budget,3,test,subject,S11,10,0.033784,296
subject_dependent_matched_budget,3,test,subject,S12,16,0.054054,296
subject_dependent_matched_budget,3,test,subject,S13,15,0.050676,296
subject_dependent_matched_budget,3,test,subject,S14,14,0.047297,296
subject_dependent_matched_budget,3,test,subject,S15,12,0.040541,296
subject_dependent_matched_budget,3,test,subject,S16,8,0.027027,296
subject_dependent_matched_budget,3,test,subject,S17,9,0.030405,296
subject_dependent_matched_budget,3,test,subject,S18,10,0.033784,296
subject_dependent_matched_budget,3,test,subject,S19,10,0.033784,296
subject_dependent_matched_budget,3,test,subject,S20,6,0.020270,296
subject_dependent_matched_budget,3,test,subject,S21,11,0.037162,296
subject_dependent_matched_budget,3,test,subject,S22,8,0.027027,296
subject_dependent_matched_budget,3,test,subject,S23,8,0.027027,296
subject_dependent_matched_budget,3,test,subject,S24,15,0.050676,296
subject_dependent_matched_budget,3,test,subject,S25,9,0.030405,296
subject_dependent_matched_budget,3,test,subject,S26,10,0.033784,296
subject_dependent_matched_budget,3,test,subject,S27,10,0.033784,296
subject_dependent_matched_budget,3,test,subject,S28,9,0.030405,296
subject_dependent_matched_budget,4,fit,label,boring,1599,0.250117,6393
subject_dependent_matched_budget,4,fit,label,calm,1598,0.249961,6393
subject_dependent_matched_budget,4,fit,label,funny,1598,0.249961,6393
subject_dependent_matched_budget,4,fit,label,horror,1598,0.249961,6393
subject_dependent_matched_budget,4,fit,game,G1,1599,0.250117,6393
subject_dependent_matched_budget,4,fit,game,G2,1598,0.249961,6393
subject_dependent_matched_budget,4,fit,game,G3,1598,0.249961,6393
subject_dependent_matched_budget,4,fit,game,G4,1598,0.249961,6393
subject_dependent_matched_budget,4,fit,subject,S01,226,0.035351,6393
subject_dependent_matched_budget,4,fit,subject,S02,234,0.036603,6393
subject_dependent_matched_budget,4,fit,subject,S03,224,0.035038,6393
subject_dependent_matched_budget,4,fit,subject,S04,239,0.037385,6393
subject_dependent_matched_budget,4,fit,subject,S05,225,0.035195,6393
subject_dependent_matched_budget,4,fit,subject,S06,232,0.036290,6393
subject_dependent_matched_budget,4,fit,subject,S07,229,0.035820,6393
subject_dependent_matched_budget,4,fit,subject,S08,217,0.033943,6393
subject_dependent_matched_budget,4,fit,subject,S09,235,0.036759,6393
subject_dependent_matched_budget,4,fit,subject,S10,239,0.037385,6393
subject_dependent_matched_budget,4,fit,subject,S11,222,0.034725,6393
subject_dependent_matched_budget,4,fit,subject,S12,233,0.036446,6393
subject_dependent_matched_budget,4,fit,subject,S13,231,0.036133,6393
subject_dependent_matched_budget,4,fit,subject,S14,229,0.035820,6393
subject_dependent_matched_budget,4,fit,subject,S15,223,0.034882,6393
subject_dependent_matched_budget,4,fit,subject,S16,226,0.035351,6393
subject_dependent_matched_budget,4,fit,subject,S17,228,0.035664,6393
subject_dependent_matched_budget,4,fit,subject,S18,209,0.032692,6393
subject_dependent_matched_budget,4,fit,subject,S19,228,0.035664,6393
subject_dependent_matched_budget,4,fit,subject,S20,228,0.035664,6393
subject_dependent_matched_budget,4,fit,subject,S21,234,0.036603,6393
subject_dependent_matched_budget,4,fit,subject,S22,237,0.037072,6393
subject_dependent_matched_budget,4,fit,subject,S23,224,0.035038,6393
subject_dependent_matched_budget,4,fit,subject,S24,230,0.035977,6393
subject_dependent_matched_budget,4,fit,subject,S25,226,0.035351,6393
subject_dependent_matched_budget,4,fit,subject,S26,225,0.035195,6393
subject_dependent_matched_budget,4,fit,subject,S27,221,0.034569,6393
subject_dependent_matched_budget,4,fit,subject,S28,239,0.037385,6393
subject_dependent_matched_budget,4,validation,label,boring,399,0.249531,1599
subject_dependent_matched_budget,4,validation,label,calm,400,0.250156,1599
subject_dependent_matched_budget,4,validation,label,funny,400,0.250156,1599
subject_dependent_matched_budget,4,validation,label,horror,400,0.250156,1599
subject_dependent_matched_budget,4,validation,game,G1,399,0.249531,1599
subject_dependent_matched_budget,4,validation,game,G2,400,0.250156,1599
subject_dependent_matched_budget,4,validation,game,G3,400,0.250156,1599
subject_dependent_matched_budget,4,validation,game,G4,400,0.250156,1599
subject_dependent_matched_budget,4,validation,subject,S01,55,0.034396,1599
subject_dependent_matched_budget,4,validation,subject,S02,50,0.031270,1599
subject_dependent_matched_budget,4,validation,subject,S03,55,0.034396,1599
subject_dependent_matched_budget,4,validation,subject,S04,48,0.030019,1599
subject_dependent_matched_budget,4,validation,subject,S05,60,0.037523,1599
subject_dependent_matched_budget,4,validation,subject,S06,58,0.036273,1599
subject_dependent_matched_budget,4,validation,subject,S07,60,0.037523,1599
subject_dependent_matched_budget,4,validation,subject,S08,71,0.044403,1599
subject_dependent_matched_budget,4,validation,subject,S09,52,0.032520,1599
subject_dependent_matched_budget,4,validation,subject,S10,54,0.033771,1599
subject_dependent_matched_budget,4,validation,subject,S11,58,0.036273,1599
subject_dependent_matched_budget,4,validation,subject,S12,48,0.030019,1599
subject_dependent_matched_budget,4,validation,subject,S13,55,0.034396,1599
subject_dependent_matched_budget,4,validation,subject,S14,60,0.037523,1599
subject_dependent_matched_budget,4,validation,subject,S15,66,0.041276,1599
subject_dependent_matched_budget,4,validation,subject,S16,56,0.035022,1599
subject_dependent_matched_budget,4,validation,subject,S17,61,0.038149,1599
subject_dependent_matched_budget,4,validation,subject,S18,70,0.043777,1599
subject_dependent_matched_budget,4,validation,subject,S19,57,0.035647,1599
subject_dependent_matched_budget,4,validation,subject,S20,59,0.036898,1599
subject_dependent_matched_budget,4,validation,subject,S21,52,0.032520,1599
subject_dependent_matched_budget,4,validation,subject,S22,50,0.031270,1599
subject_dependent_matched_budget,4,validation,subject,S23,62,0.038774,1599
subject_dependent_matched_budget,4,validation,subject,S24,55,0.034396,1599
subject_dependent_matched_budget,4,validation,subject,S25,59,0.036898,1599
subject_dependent_matched_budget,4,validation,subject,S26,59,0.036898,1599
subject_dependent_matched_budget,4,validation,subject,S27,62,0.038774,1599
subject_dependent_matched_budget,4,validation,subject,S28,47,0.029393,1599
subject_dependent_matched_budget,4,test,label,boring,74,0.250000,296
subject_dependent_matched_budget,4,test,label,calm,74,0.250000,296
subject_dependent_matched_budget,4,test,label,funny,74,0.250000,296
subject_dependent_matched_budget,4,test,label,horror,74,0.250000,296
subject_dependent_matched_budget,4,test,game,G1,74,0.250000,296
subject_dependent_matched_budget,4,test,game,G2,74,0.250000,296
subject_dependent_matched_budget,4,test,game,G3,74,0.250000,296
subject_dependent_matched_budget,4,test,game,G4,74,0.250000,296
subject_dependent_matched_budget,4,test,subject,S01,15,0.050676,296
subject_dependent_matched_budget,4,test,subject,S02,12,0.040541,296
subject_dependent_matched_budget,4,test,subject,S03,17,0.057432,296
subject_dependent_matched_budget,4,test,subject,S04,9,0.030405,296
subject_dependent_matched_budget,4,test,subject,S05,11,0.037162,296
subject_dependent_matched_budget,4,test,subject,S06,6,0.020270,296
subject_dependent_matched_budget,4,test,subject,S07,7,0.023649,296
subject_dependent_matched_budget,4,test,subject,S08,8,0.027027,296
subject_dependent_matched_budget,4,test,subject,S09,9,0.030405,296
subject_dependent_matched_budget,4,test,subject,S10,3,0.010135,296
subject_dependent_matched_budget,4,test,subject,S11,16,0.054054,296
subject_dependent_matched_budget,4,test,subject,S12,15,0.050676,296
subject_dependent_matched_budget,4,test,subject,S13,10,0.033784,296
subject_dependent_matched_budget,4,test,subject,S14,7,0.023649,296
subject_dependent_matched_budget,4,test,subject,S15,7,0.023649,296
subject_dependent_matched_budget,4,test,subject,S16,14,0.047297,296
subject_dependent_matched_budget,4,test,subject,S17,7,0.023649,296
subject_dependent_matched_budget,4,test,subject,S18,17,0.057432,296
subject_dependent_matched_budget,4,test,subject,S19,11,0.037162,296
subject_dependent_matched_budget,4,test,subject,S20,9,0.030405,296
subject_dependent_matched_budget,4,test,subject,S21,10,0.033784,296
subject_dependent_matched_budget,4,test,subject,S22,9,0.030405,296
subject_dependent_matched_budget,4,test,subject,S23,10,0.033784,296
subject_dependent_matched_budget,4,test,subject,S24,11,0.037162,296
subject_dependent_matched_budget,4,test,subject,S25,11,0.037162,296
subject_dependent_matched_budget,4,test,subject,S26,12,0.040541,296
subject_dependent_matched_budget,4,test,subject,S27,13,0.043919,296
subject_dependent_matched_budget,4,test,subject,S28,10,0.033784,296
subject_dependent_matched_budget,5,fit,label,boring,1599,0.250117,6393
subject_dependent_matched_budget,5,fit,label,calm,1598,0.249961,6393
subject_dependent_matched_budget,5,fit,label,funny,1598,0.249961,6393
subject_dependent_matched_budget,5,fit,label,horror,1598,0.249961,6393
subject_dependent_matched_budget,5,fit,game,G1,1599,0.250117,6393
subject_dependent_matched_budget,5,fit,game,G2,1598,0.249961,6393
subject_dependent_matched_budget,5,fit,game,G3,1598,0.249961,6393
subject_dependent_matched_budget,5,fit,game,G4,1598,0.249961,6393
subject_dependent_matched_budget,5,fit,subject,S01,224,0.035038,6393
subject_dependent_matched_budget,5,fit,subject,S02,236,0.036915,6393
subject_dependent_matched_budget,5,fit,subject,S03,221,0.034569,6393
subject_dependent_matched_budget,5,fit,subject,S04,227,0.035508,6393
subject_dependent_matched_budget,5,fit,subject,S05,240,0.037541,6393
subject_dependent_matched_budget,5,fit,subject,S06,222,0.034725,6393
subject_dependent_matched_budget,5,fit,subject,S07,232,0.036290,6393
subject_dependent_matched_budget,5,fit,subject,S08,231,0.036133,6393
subject_dependent_matched_budget,5,fit,subject,S09,240,0.037541,6393
subject_dependent_matched_budget,5,fit,subject,S10,201,0.031441,6393
subject_dependent_matched_budget,5,fit,subject,S11,228,0.035664,6393
subject_dependent_matched_budget,5,fit,subject,S12,230,0.035977,6393
subject_dependent_matched_budget,5,fit,subject,S13,221,0.034569,6393
subject_dependent_matched_budget,5,fit,subject,S14,218,0.034100,6393
subject_dependent_matched_budget,5,fit,subject,S15,235,0.036759,6393
subject_dependent_matched_budget,5,fit,subject,S16,223,0.034882,6393
subject_dependent_matched_budget,5,fit,subject,S17,241,0.037697,6393
subject_dependent_matched_budget,5,fit,subject,S18,236,0.036915,6393
subject_dependent_matched_budget,5,fit,subject,S19,231,0.036133,6393
subject_dependent_matched_budget,5,fit,subject,S20,232,0.036290,6393
subject_dependent_matched_budget,5,fit,subject,S21,246,0.038480,6393
subject_dependent_matched_budget,5,fit,subject,S22,228,0.035664,6393
subject_dependent_matched_budget,5,fit,subject,S23,234,0.036603,6393
subject_dependent_matched_budget,5,fit,subject,S24,218,0.034100,6393
subject_dependent_matched_budget,5,fit,subject,S25,221,0.034569,6393
subject_dependent_matched_budget,5,fit,subject,S26,229,0.035820,6393
subject_dependent_matched_budget,5,fit,subject,S27,228,0.035664,6393
subject_dependent_matched_budget,5,fit,subject,S28,220,0.034413,6393
subject_dependent_matched_budget,5,validation,label,boring,399,0.249531,1599
subject_dependent_matched_budget,5,validation,label,calm,400,0.250156,1599
subject_dependent_matched_budget,5,validation,label,funny,400,0.250156,1599
subject_dependent_matched_budget,5,validation,label,horror,400,0.250156,1599
subject_dependent_matched_budget,5,validation,game,G1,399,0.249531,1599
subject_dependent_matched_budget,5,validation,game,G2,400,0.250156,1599
subject_dependent_matched_budget,5,validation,game,G3,400,0.250156,1599
subject_dependent_matched_budget,5,validation,game,G4,400,0.250156,1599
subject_dependent_matched_budget,5,validation,subject,S01,61,0.038149,1599
subject_dependent_matched_budget,5,validation,subject,S02,50,0.031270,1599
subject_dependent_matched_budget,5,validation,subject,S03,58,0.036273,1599
subject_dependent_matched_budget,5,validation,subject,S04,60,0.037523,1599
subject_dependent_matched_budget,5,validation,subject,S05,48,0.030019,1599
subject_dependent_matched_budget,5,validation,subject,S06,64,0.040025,1599
subject_dependent_matched_budget,5,validation,subject,S07,56,0.035022,1599
subject_dependent_matched_budget,5,validation,subject,S08,55,0.034396,1599
subject_dependent_matched_budget,5,validation,subject,S09,49,0.030644,1599
subject_dependent_matched_budget,5,validation,subject,S10,72,0.045028,1599
subject_dependent_matched_budget,5,validation,subject,S11,65,0.040650,1599
subject_dependent_matched_budget,5,validation,subject,S12,55,0.034396,1599
subject_dependent_matched_budget,5,validation,subject,S13,60,0.037523,1599
subject_dependent_matched_budget,5,validation,subject,S14,66,0.041276,1599
subject_dependent_matched_budget,5,validation,subject,S15,51,0.031895,1599
subject_dependent_matched_budget,5,validation,subject,S16,62,0.038774,1599
subject_dependent_matched_budget,5,validation,subject,S17,50,0.031270,1599
subject_dependent_matched_budget,5,validation,subject,S18,55,0.034396,1599
subject_dependent_matched_budget,5,validation,subject,S19,52,0.032520,1599
subject_dependent_matched_budget,5,validation,subject,S20,58,0.036273,1599
subject_dependent_matched_budget,5,validation,subject,S21,42,0.026266,1599
subject_dependent_matched_budget,5,validation,subject,S22,55,0.034396,1599
subject_dependent_matched_budget,5,validation,subject,S23,52,0.032520,1599
subject_dependent_matched_budget,5,validation,subject,S24,69,0.043152,1599
subject_dependent_matched_budget,5,validation,subject,S25,63,0.039400,1599
subject_dependent_matched_budget,5,validation,subject,S26,48,0.030019,1599
subject_dependent_matched_budget,5,validation,subject,S27,59,0.036898,1599
subject_dependent_matched_budget,5,validation,subject,S28,64,0.040025,1599
subject_dependent_matched_budget,5,test,label,boring,74,0.250000,296
subject_dependent_matched_budget,5,test,label,calm,74,0.250000,296
subject_dependent_matched_budget,5,test,label,funny,74,0.250000,296
subject_dependent_matched_budget,5,test,label,horror,74,0.250000,296
subject_dependent_matched_budget,5,test,game,G1,74,0.250000,296
subject_dependent_matched_budget,5,test,game,G2,74,0.250000,296
subject_dependent_matched_budget,5,test,game,G3,74,0.250000,296
subject_dependent_matched_budget,5,test,game,G4,74,0.250000,296
subject_dependent_matched_budget,5,test,subject,S01,11,0.037162,296
subject_dependent_matched_budget,5,test,subject,S02,10,0.033784,296
subject_dependent_matched_budget,5,test,subject,S03,17,0.057432,296
subject_dependent_matched_budget,5,test,subject,S04,9,0.030405,296
subject_dependent_matched_budget,5,test,subject,S05,8,0.027027,296
subject_dependent_matched_budget,5,test,subject,S06,10,0.033784,296
subject_dependent_matched_budget,5,test,subject,S07,8,0.027027,296
subject_dependent_matched_budget,5,test,subject,S08,10,0.033784,296
subject_dependent_matched_budget,5,test,subject,S09,7,0.023649,296
subject_dependent_matched_budget,5,test,subject,S10,23,0.077703,296
subject_dependent_matched_budget,5,test,subject,S11,3,0.010135,296
subject_dependent_matched_budget,5,test,subject,S12,11,0.037162,296
subject_dependent_matched_budget,5,test,subject,S13,15,0.050676,296
subject_dependent_matched_budget,5,test,subject,S14,12,0.040541,296
subject_dependent_matched_budget,5,test,subject,S15,10,0.033784,296
subject_dependent_matched_budget,5,test,subject,S16,11,0.037162,296
subject_dependent_matched_budget,5,test,subject,S17,5,0.016892,296
subject_dependent_matched_budget,5,test,subject,S18,5,0.016892,296
subject_dependent_matched_budget,5,test,subject,S19,13,0.043919,296
subject_dependent_matched_budget,5,test,subject,S20,6,0.020270,296
subject_dependent_matched_budget,5,test,subject,S21,8,0.027027,296
subject_dependent_matched_budget,5,test,subject,S22,13,0.043919,296
subject_dependent_matched_budget,5,test,subject,S23,10,0.033784,296
subject_dependent_matched_budget,5,test,subject,S24,9,0.030405,296
subject_dependent_matched_budget,5,test,subject,S25,12,0.040541,296
subject_dependent_matched_budget,5,test,subject,S26,19,0.064189,296
subject_dependent_matched_budget,5,test,subject,S27,9,0.030405,296
subject_dependent_matched_budget,5,test,subject,S28,12,0.040541,296
subject_dependent_matched_budget,6,fit,label,boring,1599,0.250117,6393
subject_dependent_matched_budget,6,fit,label,calm,1598,0.249961,6393
subject_dependent_matched_budget,6,fit,label,funny,1598,0.249961,6393
subject_dependent_matched_budget,6,fit,label,horror,1598,0.249961,6393
subject_dependent_matched_budget,6,fit,game,G1,1599,0.250117,6393
subject_dependent_matched_budget,6,fit,game,G2,1598,0.249961,6393
subject_dependent_matched_budget,6,fit,game,G3,1598,0.249961,6393
subject_dependent_matched_budget,6,fit,game,G4,1598,0.249961,6393
subject_dependent_matched_budget,6,fit,subject,S01,231,0.036133,6393
subject_dependent_matched_budget,6,fit,subject,S02,214,0.033474,6393
subject_dependent_matched_budget,6,fit,subject,S03,227,0.035508,6393
subject_dependent_matched_budget,6,fit,subject,S04,235,0.036759,6393
subject_dependent_matched_budget,6,fit,subject,S05,226,0.035351,6393
subject_dependent_matched_budget,6,fit,subject,S06,222,0.034725,6393
subject_dependent_matched_budget,6,fit,subject,S07,228,0.035664,6393
subject_dependent_matched_budget,6,fit,subject,S08,223,0.034882,6393
subject_dependent_matched_budget,6,fit,subject,S09,237,0.037072,6393
subject_dependent_matched_budget,6,fit,subject,S10,230,0.035977,6393
subject_dependent_matched_budget,6,fit,subject,S11,224,0.035038,6393
subject_dependent_matched_budget,6,fit,subject,S12,227,0.035508,6393
subject_dependent_matched_budget,6,fit,subject,S13,232,0.036290,6393
subject_dependent_matched_budget,6,fit,subject,S14,240,0.037541,6393
subject_dependent_matched_budget,6,fit,subject,S15,225,0.035195,6393
subject_dependent_matched_budget,6,fit,subject,S16,230,0.035977,6393
subject_dependent_matched_budget,6,fit,subject,S17,235,0.036759,6393
subject_dependent_matched_budget,6,fit,subject,S18,225,0.035195,6393
subject_dependent_matched_budget,6,fit,subject,S19,229,0.035820,6393
subject_dependent_matched_budget,6,fit,subject,S20,228,0.035664,6393
subject_dependent_matched_budget,6,fit,subject,S21,236,0.036915,6393
subject_dependent_matched_budget,6,fit,subject,S22,221,0.034569,6393
subject_dependent_matched_budget,6,fit,subject,S23,237,0.037072,6393
subject_dependent_matched_budget,6,fit,subject,S24,234,0.036603,6393
subject_dependent_matched_budget,6,fit,subject,S25,230,0.035977,6393
subject_dependent_matched_budget,6,fit,subject,S26,218,0.034100,6393
subject_dependent_matched_budget,6,fit,subject,S27,224,0.035038,6393
subject_dependent_matched_budget,6,fit,subject,S28,225,0.035195,6393
subject_dependent_matched_budget,6,validation,label,boring,399,0.249531,1599
subject_dependent_matched_budget,6,validation,label,calm,400,0.250156,1599
subject_dependent_matched_budget,6,validation,label,funny,400,0.250156,1599
subject_dependent_matched_budget,6,validation,label,horror,400,0.250156,1599
subject_dependent_matched_budget,6,validation,game,G1,399,0.249531,1599
subject_dependent_matched_budget,6,validation,game,G2,400,0.250156,1599
subject_dependent_matched_budget,6,validation,game,G3,400,0.250156,1599
subject_dependent_matched_budget,6,validation,game,G4,400,0.250156,1599
subject_dependent_matched_budget,6,validation,subject,S01,55,0.034396,1599
subject_dependent_matched_budget,6,validation,subject,S02,66,0.041276,1599
subject_dependent_matched_budget,6,validation,subject,S03,61,0.038149,1599
subject_dependent_matched_budget,6,validation,subject,S04,49,0.030644,1599
subject_dependent_matched_budget,6,validation,subject,S05,57,0.035647,1599
subject_dependent_matched_budget,6,validation,subject,S06,65,0.040650,1599
subject_dependent_matched_budget,6,validation,subject,S07,62,0.038774,1599
subject_dependent_matched_budget,6,validation,subject,S08,60,0.037523,1599
subject_dependent_matched_budget,6,validation,subject,S09,54,0.033771,1599
subject_dependent_matched_budget,6,validation,subject,S10,53,0.033146,1599
subject_dependent_matched_budget,6,validation,subject,S11,62,0.038774,1599
subject_dependent_matched_budget,6,validation,subject,S12,59,0.036898,1599
subject_dependent_matched_budget,6,validation,subject,S13,49,0.030644,1599
subject_dependent_matched_budget,6,validation,subject,S14,49,0.030644,1599
subject_dependent_matched_budget,6,validation,subject,S15,58,0.036273,1599
subject_dependent_matched_budget,6,validation,subject,S16,53,0.033146,1599
subject_dependent_matched_budget,6,validation,subject,S17,46,0.028768,1599
subject_dependent_matched_budget,6,validation,subject,S18,61,0.038149,1599
subject_dependent_matched_budget,6,validation,subject,S19,60,0.037523,1599
subject_dependent_matched_budget,6,validation,subject,S20,60,0.037523,1599
subject_dependent_matched_budget,6,validation,subject,S21,48,0.030019,1599
subject_dependent_matched_budget,6,validation,subject,S22,68,0.042527,1599
subject_dependent_matched_budget,6,validation,subject,S23,50,0.031270,1599
subject_dependent_matched_budget,6,validation,subject,S24,54,0.033771,1599
subject_dependent_matched_budget,6,validation,subject,S25,59,0.036898,1599
subject_dependent_matched_budget,6,validation,subject,S26,66,0.041276,1599
subject_dependent_matched_budget,6,validation,subject,S27,60,0.037523,1599
subject_dependent_matched_budget,6,validation,subject,S28,55,0.034396,1599
subject_dependent_matched_budget,6,test,label,boring,74,0.250000,296
subject_dependent_matched_budget,6,test,label,calm,74,0.250000,296
subject_dependent_matched_budget,6,test,label,funny,74,0.250000,296
subject_dependent_matched_budget,6,test,label,horror,74,0.250000,296
subject_dependent_matched_budget,6,test,game,G1,74,0.250000,296
subject_dependent_matched_budget,6,test,game,G2,74,0.250000,296
subject_dependent_matched_budget,6,test,game,G3,74,0.250000,296
subject_dependent_matched_budget,6,test,game,G4,74,0.250000,296
subject_dependent_matched_budget,6,test,subject,S01,10,0.033784,296
subject_dependent_matched_budget,6,test,subject,S02,16,0.054054,296
subject_dependent_matched_budget,6,test,subject,S03,8,0.027027,296
subject_dependent_matched_budget,6,test,subject,S04,12,0.040541,296
subject_dependent_matched_budget,6,test,subject,S05,13,0.043919,296
subject_dependent_matched_budget,6,test,subject,S06,9,0.030405,296
subject_dependent_matched_budget,6,test,subject,S07,6,0.020270,296
subject_dependent_matched_budget,6,test,subject,S08,13,0.043919,296
subject_dependent_matched_budget,6,test,subject,S09,5,0.016892,296
subject_dependent_matched_budget,6,test,subject,S10,13,0.043919,296
subject_dependent_matched_budget,6,test,subject,S11,10,0.033784,296
subject_dependent_matched_budget,6,test,subject,S12,10,0.033784,296
subject_dependent_matched_budget,6,test,subject,S13,15,0.050676,296
subject_dependent_matched_budget,6,test,subject,S14,7,0.023649,296
subject_dependent_matched_budget,6,test,subject,S15,13,0.043919,296
subject_dependent_matched_budget,6,test,subject,S16,13,0.043919,296
subject_dependent_matched_budget,6,test,subject,S17,15,0.050676,296
subject_dependent_matched_budget,6,test,subject,S18,10,0.033784,296
subject_dependent_matched_budget,6,test,subject,S19,7,0.023649,296
subject_dependent_matched_budget,6,test,subject,S20,8,0.027027,296
subject_dependent_matched_budget,6,test,subject,S21,12,0.040541,296
subject_dependent_matched_budget,6,test,subject,S22,7,0.023649,296
subject_dependent_matched_budget,6,test,subject,S23,9,0.030405,296
subject_dependent_matched_budget,6,test,subject,S24,8,0.027027,296
subject_dependent_matched_budget,6,test,subject,S25,7,0.023649,296
subject_dependent_matched_budget,6,test,subject,S26,12,0.040541,296
subject_dependent_matched_budget,6,test,subject,S27,12,0.040541,296
subject_dependent_matched_budget,6,test,subject,S28,16,0.054054,296
subject_dependent_matched_budget,7,fit,label,boring,1599,0.250117,6393
subject_dependent_matched_budget,7,fit,label,calm,1598,0.249961,6393
subject_dependent_matched_budget,7,fit,label,funny,1598,0.249961,6393
subject_dependent_matched_budget,7,fit,label,horror,1598,0.249961,6393
subject_dependent_matched_budget,7,fit,game,G1,1599,0.250117,6393
subject_dependent_matched_budget,7,fit,game,G2,1598,0.249961,6393
subject_dependent_matched_budget,7,fit,game,G3,1598,0.249961,6393
subject_dependent_matched_budget,7,fit,game,G4,1598,0.249961,6393
subject_dependent_matched_budget,7,fit,subject,S01,224,0.035038,6393
subject_dependent_matched_budget,7,fit,subject,S02,217,0.033943,6393
subject_dependent_matched_budget,7,fit,subject,S03,224,0.035038,6393
subject_dependent_matched_budget,7,fit,subject,S04,232,0.036290,6393
subject_dependent_matched_budget,7,fit,subject,S05,211,0.033005,6393
subject_dependent_matched_budget,7,fit,subject,S06,229,0.035820,6393
subject_dependent_matched_budget,7,fit,subject,S07,237,0.037072,6393
subject_dependent_matched_budget,7,fit,subject,S08,235,0.036759,6393
subject_dependent_matched_budget,7,fit,subject,S09,233,0.036446,6393
subject_dependent_matched_budget,7,fit,subject,S10,232,0.036290,6393
subject_dependent_matched_budget,7,fit,subject,S11,223,0.034882,6393
subject_dependent_matched_budget,7,fit,subject,S12,224,0.035038,6393
subject_dependent_matched_budget,7,fit,subject,S13,235,0.036759,6393
subject_dependent_matched_budget,7,fit,subject,S14,226,0.035351,6393
subject_dependent_matched_budget,7,fit,subject,S15,227,0.035508,6393
subject_dependent_matched_budget,7,fit,subject,S16,222,0.034725,6393
subject_dependent_matched_budget,7,fit,subject,S17,245,0.038323,6393
subject_dependent_matched_budget,7,fit,subject,S18,237,0.037072,6393
subject_dependent_matched_budget,7,fit,subject,S19,218,0.034100,6393
subject_dependent_matched_budget,7,fit,subject,S20,235,0.036759,6393
subject_dependent_matched_budget,7,fit,subject,S21,221,0.034569,6393
subject_dependent_matched_budget,7,fit,subject,S22,232,0.036290,6393
subject_dependent_matched_budget,7,fit,subject,S23,235,0.036759,6393
subject_dependent_matched_budget,7,fit,subject,S24,224,0.035038,6393
subject_dependent_matched_budget,7,fit,subject,S25,223,0.034882,6393
subject_dependent_matched_budget,7,fit,subject,S26,234,0.036603,6393
subject_dependent_matched_budget,7,fit,subject,S27,231,0.036133,6393
subject_dependent_matched_budget,7,fit,subject,S28,227,0.035508,6393
subject_dependent_matched_budget,7,validation,label,boring,399,0.249531,1599
subject_dependent_matched_budget,7,validation,label,calm,400,0.250156,1599
subject_dependent_matched_budget,7,validation,label,funny,400,0.250156,1599
subject_dependent_matched_budget,7,validation,label,horror,400,0.250156,1599
subject_dependent_matched_budget,7,validation,game,G1,399,0.249531,1599
subject_dependent_matched_budget,7,validation,game,G2,400,0.250156,1599
subject_dependent_matched_budget,7,validation,game,G3,400,0.250156,1599
subject_dependent_matched_budget,7,validation,game,G4,400,0.250156,1599
subject_dependent_matched_budget,7,validation,subject,S01,60,0.037523,1599
subject_dependent_matched_budget,7,validation,subject,S02,63,0.039400,1599
subject_dependent_matched_budget,7,validation,subject,S03,62,0.038774,1599
subject_dependent_matched_budget,7,validation,subject,S04,54,0.033771,1599
subject_dependent_matched_budget,7,validation,subject,S05,65,0.040650,1599
subject_dependent_matched_budget,7,validation,subject,S06,57,0.035647,1599
subject_dependent_matched_budget,7,validation,subject,S07,48,0.030019,1599
subject_dependent_matched_budget,7,validation,subject,S08,55,0.034396,1599
subject_dependent_matched_budget,7,validation,subject,S09,55,0.034396,1599
subject_dependent_matched_budget,7,validation,subject,S10,55,0.034396,1599
subject_dependent_matched_budget,7,validation,subject,S11,59,0.036898,1599
subject_dependent_matched_budget,7,validation,subject,S12,60,0.037523,1599
subject_dependent_matched_budget,7,validation,subject,S13,52,0.032520,1599
subject_dependent_matched_budget,7,validation,subject,S14,62,0.038774,1599
subject_dependent_matched_budget,7,validation,subject,S15,60,0.037523,1599
subject_dependent_matched_budget,7,validation,subject,S16,63,0.039400,1599
subject_dependent_matched_budget,7,validation,subject,S17,39,0.024390,1599
subject_dependent_matched_budget,7,validation,subject,S18,53,0.033146,1599
subject_dependent_matched_budget,7,validation,subject,S19,72,0.045028,1599
subject_dependent_matched_budget,7,validation,subject,S20,51,0.031895,1599
subject_dependent_matched_budget,7,validation,subject,S21,67,0.041901,1599
subject_dependent_matched_budget,7,validation,subject,S22,51,0.031895,1599
subject_dependent_matched_budget,7,validation,subject,S23,51,0.031895,1599
subject_dependent_matched_budget,7,validation,subject,S24,62,0.038774,1599
subject_dependent_matched_budget,7,validation,subject,S25,60,0.037523,1599
subject_dependent_matched_budget,7,validation,subject,S26,48,0.030019,1599
subject_dependent_matched_budget,7,validation,subject,S27,59,0.036898,1599
subject_dependent_matched_budget,7,validation,subject,S28,56,0.035022,1599
subject_dependent_matched_budget,7,test,label,boring,74,0.250000,296
subject_dependent_matched_budget,7,test,label,calm,74,0.250000,296
subject_dependent_matched_budget,7,test,label,funny,74,0.250000,296
subject_dependent_matched_budget,7,test,label,horror,74,0.250000,296
subject_dependent_matched_budget,7,test,game,G1,74,0.250000,296
subject_dependent_matched_budget,7,test,game,G2,74,0.250000,296
subject_dependent_matched_budget,7,test,game,G3,74,0.250000,296
subject_dependent_matched_budget,7,test,game,G4,74,0.250000,296
subject_dependent_matched_budget,7,test,subject,S01,12,0.040541,296
subject_dependent_matched_budget,7,test,subject,S02,16,0.054054,296
subject_dependent_matched_budget,7,test,subject,S03,10,0.033784,296
subject_dependent_matched_budget,7,test,subject,S04,10,0.033784,296
subject_dependent_matched_budget,7,test,subject,S05,20,0.067568,296
subject_dependent_matched_budget,7,test,subject,S06,10,0.033784,296
subject_dependent_matched_budget,7,test,subject,S07,11,0.037162,296
subject_dependent_matched_budget,7,test,subject,S08,6,0.020270,296
subject_dependent_matched_budget,7,test,subject,S09,8,0.027027,296
subject_dependent_matched_budget,7,test,subject,S10,9,0.030405,296
subject_dependent_matched_budget,7,test,subject,S11,14,0.047297,296
subject_dependent_matched_budget,7,test,subject,S12,12,0.040541,296
subject_dependent_matched_budget,7,test,subject,S13,9,0.030405,296
subject_dependent_matched_budget,7,test,subject,S14,8,0.027027,296
subject_dependent_matched_budget,7,test,subject,S15,9,0.030405,296
subject_dependent_matched_budget,7,test,subject,S16,11,0.037162,296
subject_dependent_matched_budget,7,test,subject,S17,12,0.040541,296
subject_dependent_matched_budget,7,test,subject,S18,6,0.020270,296
subject_dependent_matched_budget,7,test,subject,S19,6,0.020270,296
subject_dependent_matched_budget,7,test,subject,S20,10,0.033784,296
subject_dependent_matched_budget,7,test,subject,S21,8,0.027027,296
subject_dependent_matched_budget,7,test,subject,S22,13,0.043919,296
subject_dependent_matched_budget,7,test,subject,S23,10,0.033784,296
subject_dependent_matched_budget,7,test,subject,S24,10,0.033784,296
subject_dependent_matched_budget,7,test,subject,S25,13,0.043919,296
subject_dependent_matched_budget,7,test,subject,S26,14,0.047297,296
subject_dependent_matched_budget,7,test,subject,S27,6,0.020270,296
subject_dependent_matched_budget,7,test,subject,S28,13,0.043919,296
subject_dependent_matched_budget,8,fit,label,boring,1599,0.250117,6393
subject_dependent_matched_budget,8,fit,label,calm,1598,0.249961,6393
subject_dependent_matched_budget,8,fit,label,funny,1598,0.249961,6393
subject_dependent_matched_budget,8,fit,label,horror,1598,0.249961,6393
subject_dependent_matched_budget,8,fit,game,G1,1599,0.250117,6393
subject_dependent_matched_budget,8,fit,game,G2,1598,0.249961,6393
subject_dependent_matched_budget,8,fit,game,G3,1598,0.249961,6393
subject_dependent_matched_budget,8,fit,game,G4,1598,0.249961,6393
subject_dependent_matched_budget,8,fit,subject,S01,229,0.035820,6393
subject_dependent_matched_budget,8,fit,subject,S02,235,0.036759,6393
subject_dependent_matched_budget,8,fit,subject,S03,222,0.034725,6393
subject_dependent_matched_budget,8,fit,subject,S04,234,0.036603,6393
subject_dependent_matched_budget,8,fit,subject,S05,236,0.036915,6393
subject_dependent_matched_budget,8,fit,subject,S06,226,0.035351,6393
subject_dependent_matched_budget,8,fit,subject,S07,223,0.034882,6393
subject_dependent_matched_budget,8,fit,subject,S08,227,0.035508,6393
subject_dependent_matched_budget,8,fit,subject,S09,227,0.035508,6393
subject_dependent_matched_budget,8,fit,subject,S10,229,0.035820,6393
subject_dependent_matched_budget,8,fit,subject,S11,222,0.034725,6393
subject_dependent_matched_budget,8,fit,subject,S12,219,0.034256,6393
subject_dependent_matched_budget,8,fit,subject,S13,240,0.037541,6393
subject_dependent_matched_budget,8,fit,subject,S14,230,0.035977,6393
subject_dependent_matched_budget,8,fit,subject,S15,233,0.036446,6393
subject_dependent_matched_budget,8,fit,subject,S16,234,0.036603,6393
subject_dependent_matched_budget,8,fit,subject,S17,219,0.034256,6393
subject_dependent_matched_budget,8,fit,subject,S18,230,0.035977,6393
subject_dependent_matched_budget,8,fit,subject,S19,224,0.035038,6393
subject_dependent_matched_budget,8,fit,subject,S20,218,0.034100,6393
subject_dependent_matched_budget,8,fit,subject,S21,224,0.035038,6393
subject_dependent_matched_budget,8,fit,subject,S22,231,0.036133,6393
subject_dependent_matched_budget,8,fit,subject,S23,231,0.036133,6393
subject_dependent_matched_budget,8,fit,subject,S24,222,0.034725,6393
subject_dependent_matched_budget,8,fit,subject,S25,238,0.037228,6393
subject_dependent_matched_budget,8,fit,subject,S26,234,0.036603,6393
subject_dependent_matched_budget,8,fit,subject,S27,223,0.034882,6393
subject_dependent_matched_budget,8,fit,subject,S28,233,0.036446,6393
subject_dependent_matched_budget,8,validation,label,boring,399,0.249531,1599
subject_dependent_matched_budget,8,validation,label,calm,400,0.250156,1599
subject_dependent_matched_budget,8,validation,label,funny,400,0.250156,1599
subject_dependent_matched_budget,8,validation,label,horror,400,0.250156,1599
subject_dependent_matched_budget,8,validation,game,G1,399,0.249531,1599
subject_dependent_matched_budget,8,validation,game,G2,400,0.250156,1599
subject_dependent_matched_budget,8,validation,game,G3,400,0.250156,1599
subject_dependent_matched_budget,8,validation,game,G4,400,0.250156,1599
subject_dependent_matched_budget,8,validation,subject,S01,59,0.036898,1599
subject_dependent_matched_budget,8,validation,subject,S02,51,0.031895,1599
subject_dependent_matched_budget,8,validation,subject,S03,62,0.038774,1599
subject_dependent_matched_budget,8,validation,subject,S04,50,0.031270,1599
subject_dependent_matched_budget,8,validation,subject,S05,49,0.030644,1599
subject_dependent_matched_budget,8,validation,subject,S06,56,0.035022,1599
subject_dependent_matched_budget,8,validation,subject,S07,62,0.038774,1599
subject_dependent_matched_budget,8,validation,subject,S08,59,0.036898,1599
subject_dependent_matched_budget,8,validation,subject,S09,61,0.038149,1599
subject_dependent_matched_budget,8,validation,subject,S10,61,0.038149,1599
subject_dependent_matched_budget,8,validation,subject,S11,61,0.038149,1599
subject_dependent_matched_budget,8,validation,subject,S12,65,0.040650,1599
subject_dependent_matched_budget,8,validation,subject,S13,49,0.030644,1599
subject_dependent_matched_budget,8,validation,subject,S14,55,0.034396,1599
subject_dependent_matched_budget,8,validation,subject,S15,54,0.033771,1599
subject_dependent_matched_budget,8,validation,subject,S16,53,0.033146,1599
subject_dependent_matched_budget,8,validation,subject,S17,66,0.041276,1599
subject_dependent_matched_budget,8,validation,subject,S18,57,0.035647,1599
subject_dependent_matched_budget,8,validation,subject,S19,56,0.035022,1599
subject_dependent_matched_budget,8,validation,subject,S20,68,0.042527,1599
subject_dependent_matched_budget,8,validation,subject,S21,59,0.036898,1599
subject_dependent_matched_budget,8,validation,subject,S22,54,0.033771,1599
subject_dependent_matched_budget,8,validation,subject,S23,56,0.035022,1599
subject_dependent_matched_budget,8,validation,subject,S24,63,0.039400,1599
subject_dependent_matched_budget,8,validation,subject,S25,46,0.028768,1599
subject_dependent_matched_budget,8,validation,subject,S26,48,0.030019,1599
subject_dependent_matched_budget,8,validation,subject,S27,62,0.038774,1599
subject_dependent_matched_budget,8,validation,subject,S28,57,0.035647,1599
subject_dependent_matched_budget,8,test,label,boring,74,0.250000,296
subject_dependent_matched_budget,8,test,label,calm,74,0.250000,296
subject_dependent_matched_budget,8,test,label,funny,74,0.250000,296
subject_dependent_matched_budget,8,test,label,horror,74,0.250000,296
subject_dependent_matched_budget,8,test,game,G1,74,0.250000,296
subject_dependent_matched_budget,8,test,game,G2,74,0.250000,296
subject_dependent_matched_budget,8,test,game,G3,74,0.250000,296
subject_dependent_matched_budget,8,test,game,G4,74,0.250000,296
subject_dependent_matched_budget,8,test,subject,S01,8,0.027027,296
subject_dependent_matched_budget,8,test,subject,S02,10,0.033784,296
subject_dependent_matched_budget,8,test,subject,S03,12,0.040541,296
subject_dependent_matched_budget,8,test,subject,S04,12,0.040541,296
subject_dependent_matched_budget,8,test,subject,S05,11,0.037162,296
subject_dependent_matched_budget,8,test,subject,S06,14,0.047297,296
subject_dependent_matched_budget,8,test,subject,S07,11,0.037162,296
subject_dependent_matched_budget,8,test,subject,S08,10,0.033784,296
subject_dependent_matched_budget,8,test,subject,S09,8,0.027027,296
subject_dependent_matched_budget,8,test,subject,S10,6,0.020270,296
subject_dependent_matched_budget,8,test,subject,S11,13,0.043919,296
subject_dependent_matched_budget,8,test,subject,S12,12,0.040541,296
subject_dependent_matched_budget,8,test,subject,S13,7,0.023649,296
subject_dependent_matched_budget,8,test,subject,S14,11,0.037162,296
subject_dependent_matched_budget,8,test,subject,S15,9,0.030405,296
subject_dependent_matched_budget,8,test,subject,S16,9,0.030405,296
subject_dependent_matched_budget,8,test,subject,S17,11,0.037162,296
subject_dependent_matched_budget,8,test,subject,S18,9,0.030405,296
subject_dependent_matched_budget,8,test,subject,S19,16,0.054054,296
subject_dependent_matched_budget,8,test,subject,S20,10,0.033784,296
subject_dependent_matched_budget,8,test,subject,S21,13,0.043919,296
subject_dependent_matched_budget,8,test,subject,S22,11,0.037162,296
subject_dependent_matched_budget,8,test,subject,S23,9,0.030405,296
subject_dependent_matched_budget,8,test,subject,S24,11,0.037162,296
subject_dependent_matched_budget,8,test,subject,S25,12,0.040541,296
subject_dependent_matched_budget,8,test,subject,S26,14,0.047297,296
subject_dependent_matched_budget,8,test,subject,S27,11,0.037162,296
subject_dependent_matched_budget,8,test,subject,S28,6,0.020270,296
subject_dependent_matched_budget,9,fit,label,boring,1599,0.250117,6393
subject_dependent_matched_budget,9,fit,label,calm,1598,0.249961,6393
subject_dependent_matched_budget,9,fit,label,funny,1598,0.249961,6393
subject_dependent_matched_budget,9,fit,label,horror,1598,0.249961,6393
subject_dependent_matched_budget,9,fit,game,G1,1599,0.250117,6393
subject_dependent_matched_budget,9,fit,game,G2,1598,0.249961,6393
subject_dependent_matched_budget,9,fit,game,G3,1598,0.249961,6393
subject_dependent_matched_budget,9,fit,game,G4,1598,0.249961,6393
subject_dependent_matched_budget,9,fit,subject,S01,234,0.036603,6393
subject_dependent_matched_budget,9,fit,subject,S02,233,0.036446,6393
subject_dependent_matched_budget,9,fit,subject,S03,230,0.035977,6393
subject_dependent_matched_budget,9,fit,subject,S04,224,0.035038,6393
subject_dependent_matched_budget,9,fit,subject,S05,234,0.036603,6393
subject_dependent_matched_budget,9,fit,subject,S06,227,0.035508,6393
subject_dependent_matched_budget,9,fit,subject,S07,219,0.034256,6393
subject_dependent_matched_budget,9,fit,subject,S08,226,0.035351,6393
subject_dependent_matched_budget,9,fit,subject,S09,235,0.036759,6393
subject_dependent_matched_budget,9,fit,subject,S10,227,0.035508,6393
subject_dependent_matched_budget,9,fit,subject,S11,237,0.037072,6393
subject_dependent_matched_budget,9,fit,subject,S12,221,0.034569,6393
subject_dependent_matched_budget,9,fit,subject,S13,225,0.035195,6393
subject_dependent_matched_budget,9,fit,subject,S14,229,0.035820,6393
subject_dependent_matched_budget,9,fit,subject,S15,228,0.035664,6393
subject_dependent_matched_budget,9,fit,subject,S16,227,0.035508,6393
subject_dependent_matched_budget,9,fit,subject,S17,231,0.036133,6393
subject_dependent_matched_budget,9,fit,subject,S18,222,0.034725,6393
subject_dependent_matched_budget,9,fit,subject,S19,228,0.035664,6393
subject_dependent_matched_budget,9,fit,subject,S20,216,0.033787,6393
subject_dependent_matched_budget,9,fit,subject,S21,228,0.035664,6393
subject_dependent_matched_budget,9,fit,subject,S22,242,0.037854,6393
subject_dependent_matched_budget,9,fit,subject,S23,225,0.035195,6393
subject_dependent_matched_budget,9,fit,subject,S24,224,0.035038,6393
subject_dependent_matched_budget,9,fit,subject,S25,223,0.034882,6393
subject_dependent_matched_budget,9,fit,subject,S26,225,0.035195,6393
subject_dependent_matched_budget,9,fit,subject,S27,234,0.036603,6393
subject_dependent_matched_budget,9,fit,subject,S28,239,0.037385,6393
subject_dependent_matched_budget,9,validation,label,boring,399,0.249531,1599
subject_dependent_matched_budget,9,validation,label,calm,400,0.250156,1599
subject_dependent_matched_budget,9,validation,label,funny,400,0.250156,1599
subject_dependent_matched_budget,9,validation,label,horror,400,0.250156,1599
subject_dependent_matched_budget,9,validation,game,G1,399,0.249531,1599
subject_dependent_matched_budget,9,validation,game,G2,400,0.250156,1599
subject_dependent_matched_budget,9,validation,game,G3,400,0.250156,1599
subject_dependent_matched_budget,9,validation,game,G4,400,0.250156,1599
subject_dependent_matched_budget,9,validation,subject,S01,54,0.033771,1599
subject_dependent_matched_budget,9,validation,subject,S02,55,0.034396,1599
subject_dependent_matched_budget,9,validation,subject,S03,52,0.032520,1599
subject_dependent_matched_budget,9,validation,subject,S04,60,0.037523,1599
subject_dependent_matched_budget,9,validation,subject,S05,56,0.035022,1599
subject_dependent_matched_budget,9,validation,subject,S06,58,0.036273,1599
subject_dependent_matched_budget,9,validation,subject,S07,63,0.039400,1599
subject_dependent_matched_budget,9,validation,subject,S08,62,0.038774,1599
subject_dependent_matched_budget,9,validation,subject,S09,52,0.032520,1599
subject_dependent_matched_budget,9,validation,subject,S10,61,0.038149,1599
subject_dependent_matched_budget,9,validation,subject,S11,49,0.030644,1599
subject_dependent_matched_budget,9,validation,subject,S12,63,0.039400,1599
subject_dependent_matched_budget,9,validation,subject,S13,56,0.035022,1599
subject_dependent_matched_budget,9,validation,subject,S14,59,0.036898,1599
subject_dependent_matched_budget,9,validation,subject,S15,59,0.036898,1599
subject_dependent_matched_budget,9,validation,subject,S16,56,0.035022,1599
subject_dependent_matched_budget,9,validation,subject,S17,53,0.033146,1599
subject_dependent_matched_budget,9,validation,subject,S18,61,0.038149,1599
subject_dependent_matched_budget,9,validation,subject,S19,59,0.036898,1599
subject_dependent_matched_budget,9,validation,subject,S20,69,0.043152,1599
subject_dependent_matched_budget,9,validation,subject,S21,58,0.036273,1599
subject_dependent_matched_budget,9,validation,subject,S22,43,0.026892,1599
subject_dependent_matched_budget,9,validation,subject,S23,60,0.037523,1599
subject_dependent_matched_budget,9,validation,subject,S24,61,0.038149,1599
subject_dependent_matched_budget,9,validation,subject,S25,64,0.040025,1599
subject_dependent_matched_budget,9,validation,subject,S26,57,0.035647,1599
subject_dependent_matched_budget,9,validation,subject,S27,50,0.031270,1599
subject_dependent_matched_budget,9,validation,subject,S28,49,0.030644,1599
subject_dependent_matched_budget,9,test,label,boring,74,0.250000,296
subject_dependent_matched_budget,9,test,label,calm,74,0.250000,296
subject_dependent_matched_budget,9,test,label,funny,74,0.250000,296
subject_dependent_matched_budget,9,test,label,horror,74,0.250000,296
subject_dependent_matched_budget,9,test,game,G1,74,0.250000,296
subject_dependent_matched_budget,9,test,game,G2,74,0.250000,296
subject_dependent_matched_budget,9,test,game,G3,74,0.250000,296
subject_dependent_matched_budget,9,test,game,G4,74,0.250000,296
subject_dependent_matched_budget,9,test,subject,S01,8,0.027027,296
subject_dependent_matched_budget,9,test,subject,S02,8,0.027027,296
subject_dependent_matched_budget,9,test,subject,S03,14,0.047297,296
subject_dependent_matched_budget,9,test,subject,S04,12,0.040541,296
subject_dependent_matched_budget,9,test,subject,S05,6,0.020270,296
subject_dependent_matched_budget,9,test,subject,S06,11,0.037162,296
subject_dependent_matched_budget,9,test,subject,S07,14,0.047297,296
subject_dependent_matched_budget,9,test,subject,S08,8,0.027027,296
subject_dependent_matched_budget,9,test,subject,S09,9,0.030405,296
subject_dependent_matched_budget,9,test,subject,S10,8,0.027027,296
subject_dependent_matched_budget,9,test,subject,S11,10,0.033784,296
subject_dependent_matched_budget,9,test,subject,S12,12,0.040541,296
subject_dependent_matched_budget,9,test,subject,S13,15,0.050676,296
subject_dependent_matched_budget,9,test,subject,S14,8,0.027027,296
subject_dependent_matched_budget,9,test,subject,S15,9,0.030405,296
subject_dependent_matched_budget,9,test,subject,S16,13,0.043919,296
subject_dependent_matched_budget,9,test,subject,S17,12,0.040541,296
subject_dependent_matched_budget,9,test,subject,S18,13,0.043919,296
subject_dependent_matched_budget,9,test,subject,S19,9,0.030405,296
subject_dependent_matched_budget,9,test,subject,S20,11,0.037162,296
subject_dependent_matched_budget,9,test,subject,S21,10,0.033784,296
subject_dependent_matched_budget,9,test,subject,S22,11,0.037162,296
subject_dependent_matched_budget,9,test,subject,S23,11,0.037162,296
subject_dependent_matched_budget,9,test,subject,S24,11,0.037162,296
subject_dependent_matched_budget,9,test,subject,S25,9,0.030405,296
subject_dependent_matched_budget,9,test,subject,S26,14,0.047297,296
subject_dependent_matched_budget,9,test,subject,S27,12,0.040541,296
subject_dependent_matched_budget,9,test,subject,S28,8,0.027027,296
