protocol,window_samples,random_seed,n_records,n_windows,fit_windows,validation_windows,test_windows,n_folds,stratified,train_test_window_overlap,validation_test_window_overlap,leakage_failure
loso_mean_budget,512,0,112,8288,6393,1599,296,28,,,,
subject_dependent_matched_budget,512,0,112,8288,6393,1599,296,1,True,0,0,False
loso_mean_budget,512,1,112,8288,6393,1599,296,28,,,,
subject_dependent_matched_budget,512,1,112,8288,6393,1599,296,1,True,0,0,False
loso_mean_budget,512,2,112,8288,6393,1599,296,28,,,,
subject_dependent_matched_budget,512,2,112,8288,6393,1599,296,1,True,0,0,False
loso_mean_budget,512,3,112,8288,6393,1599,296,28,,,,
subject_dependent_matched_budget,512,3,112,8288,6393,1599,296,1,True,0,0,False
loso_mean_budget,512,4,112,8288,6393,1599,296,28,,,,
subject_dependent_matched_budget,512,4,112,8288,6393,1599,296,1,True,0,0,False
loso_mean_budget,512,5,112,8288,6393,1599,296,28,,,,
subject_dependent_matched_budget,512,5,112,8288,6393,1599,296,1,True,0,0,False
loso_mean_budget,512,6,112,8288,6393,1599,296,28,,,,
subject_dependent_matched_budget,512,6,112,8288,6393,1599,296,1,True,0,0,False
loso_mean_budget,512,7,112,8288,6393,1599,296,28,,,,
subject_dependent_matched_budget,512,7,112,8288,6393,1599,296,1,True,0,0,False
loso_mean_budget,512,8,112,8288,6393,1599,296,28,,,,
subject_dependent_matched_budget,512,8,112,8288,6393,1599,296,1,True,0,0,False
loso_mean_budget,512,9,112,8288,6393,1599,296,28,,,,
subject_dependent_matched_budget,512,9,112,8288,6393,1599,296,1,True,0,0,False
