subject,subject_dependent_accuracy,matched_budget_accuracy,loso_accuracy,loso_minus_subject_dependent,matched_budget_minus_loso
S01,0.81920000,0.86538462,0.79617133,-0.02302867,0.06921328
S02,0.81921824,0.85937500,0.83108100,0.01186276,0.02829400
S03,0.87583893,0.88429752,0.88175667,0.00591774,0.00254085
S04,0.95051195,0.93000000,0.87612600,-0.07438595,0.05387400
S05,0.73563218,0.81981982,0.79504500,0.05941282,0.02477482
S06,0.84135472,0.85416667,0.84909933,0.00774461,0.00506733
S07,0.81707317,0.86458333,0.81306300,-0.00401017,0.05152033
S08,0.81770833,0.81000000,0.81193700,-0.00577133,-0.00193700
S09,0.71379310,0.72941176,0.74099100,0.02719790,-0.01157924
S10,0.70223752,0.73394495,0.78828833,0.08605081,-0.05434338
S11,0.76402640,0.77981651,0.80292800,0.03890160,-0.02311149
S12,0.68246445,0.71666667,0.74774800,0.06528355,-0.03108133
S13,0.71864952,0.76724138,0.80067567,0.08202615,-0.03343429
S14,0.71428571,0.72916667,0.76801800,0.05373229,-0.03885133
S15,0.75207987,0.81415929,0.80518000,0.05310013,0.00897929
S16,0.76541096,0.79245283,0.77477467,0.00936371,0.01767816
S17,0.83595113,0.82857143,0.81418933,-0.02176180,0.01438210
S18,0.83977901,0.90109890,0.80855833,-0.03122067,0.09254057
S19,0.70265781,0.73394495,0.77364867,0.07099086,-0.03970371
S20,0.86486486,0.89247312,0.84909900,-0.01576586,0.04337412
S21,0.82479339,0.82075472,0.85022533,0.02543194,-0.02947062
S22,0.82580645,0.86170213,0.85022533,0.02441888,0.01147679
S23,0.68221071,0.75000000,0.77927933,0.09706863,-0.02927933
S24,0.70578512,0.80833333,0.74549567,0.03971054,0.06283767
S25,0.72990354,0.78504673,0.79054067,0.06063713,-0.00549394
S26,0.71140940,0.75000000,0.74211733,0.03070794,0.00788267
S27,0.71532847,0.71717172,0.78378367,0.06845520,-0.06661195
S28,0.68402778,0.74545455,0.77252267,0.08849489,-0.02706812
