heldout_subject,test_windows,accuracy,macro_f1,rank_by_macro_f1,best_heldout_subject,worst_heldout_subject
S01,296,0.790541,0.789038,17,S03,S26
S02,296,0.841216,0.840471,6,S03,S26
S03,296,0.885135,0.884837,1,S03,S26
S04,296,0.871622,0.870766,2,S03,S26
S05,296,0.807432,0.808566,10,S03,S26
S06,296,0.844595,0.843012,4,S03,S26
S07,296,0.827703,0.823256,7,S03,S26
S08,296,0.810811,0.808477,11,S03,S26
S09,296,0.750000,0.746156,26,S03,S26
S10,296,0.783784,0.782950,19,S03,S26
S11,296,0.804054,0.803828,12,S03,S26
S12,296,0.729730,0.729584,27,S03,S26
S13,296,0.820946,0.821264,8,S03,S26
S14,296,0.793919,0.795031,16,S03,S26
S15,296,0.780405,0.779290,20,S03,S26
S16,296,0.746622,0.749800,25,S03,S26
S17,296,0.810811,0.811989,9,S03,S26
S18,296,0.770270,0.767574,21,S03,S26
S19,296,0.763514,0.759472,24,S03,S26
S20,296,0.841216,0.840951,5,S03,S26
S21,296,0.858108,0.859043,3,S03,S26
S22,296,0.797297,0.796809,15,S03,S26
S23,296,0.783784,0.785495,18,S03,S26
S24,296,0.763514,0.760872,23,S03,S26
S25,296,0.763514,0.762546,22,S03,S26
S26,296,0.722973,0.725831,28,S03,S26
S27,296,0.800676,0.801441,14,S03,S26
S28,296,0.804054,0.802398,13,S03,S26
