scope,heldout_subject,true_label,predicted_label,count,normalized_by_true
aggregate,ALL,boring,boring,1754,0.846525
aggregate,ALL,boring,calm,154,0.074324
aggregate,ALL,boring,horror,77,0.037162
aggregate,ALL,boring,funny,87,0.041988
aggregate,ALL,calm,boring,176,0.084942
aggregate,ALL,calm,calm,1550,0.748069
aggregate,ALL,calm,horror,174,0.083977
aggregate,ALL,calm,funny,172,0.083012
aggregate,ALL,horror,boring,94,0.045367
aggregate,ALL,horror,calm,150,0.072394
aggregate,ALL,horror,horror,1633,0.788127
aggregate,ALL,horror,funny,195,0.094112
aggregate,ALL,funny,boring,83,0.040058
aggregate,ALL,funny,calm,128,0.061776
aggregate,ALL,funny,horror,177,0.085425
aggregate,ALL,funny,funny,1684,0.812741
heldout_subject,S01,boring,boring,71,0.959459
heldout_subject,S01,boring,calm,1,0.013514
heldout_subject,S01,boring,horror,0,0.000000
heldout_subject,S01,boring,funny,2,0.027027
heldout_subject,S01,calm,boring,6,0.081081
heldout_subject,S01,calm,calm,48,0.648649
heldout_subject,S01,calm,horror,14,0.189189
heldout_subject,S01,calm,funny,6,0.081081
heldout_subject,S01,horror,boring,0,0.000000
heldout_subject,S01,horror,calm,2,0.027027
heldout_subject,S01,horror,horror,59,0.797297
heldout_subject,S01,horror,funny,13,0.175676
heldout_subject,S01,funny,boring,2,0.027027
heldout_subject,S01,funny,calm,4,0.054054
heldout_subject,S01,funny,horror,12,0.162162
heldout_subject,S01,funny,funny,56,0.756757
heldout_subject,S02,boring,boring,70,0.945946
heldout_subject,S02,boring,calm,3,0.040541
heldout_subject,S02,boring,horror,1,0.013514
heldout_subject,S02,boring,funny,0,0.000000
heldout_subject,S02,calm,boring,3,0.040541
heldout_subject,S02,calm,calm,58,0.783784
heldout_subject,S02,calm,horror,12,0.162162
heldout_subject,S02,calm,funny,1,0.013514
heldout_subject,S02,horror,boring,1,0.013514
heldout_subject,S02,horror,calm,5,0.067568
heldout_subject,S02,horror,horror,67,0.905405
heldout_subject,S02,horror,funny,1,0.013514
heldout_subject,S02,funny,boring,5,0.067568
heldout_subject,S02,funny,calm,8,0.108108
heldout_subject,S02,funny,horror,7,0.094595
heldout_subject,S02,funny,funny,54,0.729730
heldout_subject,S03,boring,boring,62,0.837838
heldout_subject,S03,boring,calm,9,0.121622
heldout_subject,S03,boring,horror,1,0.013514
heldout_subject,S03,boring,funny,2,0.027027
heldout_subject,S03,calm,boring,2,0.027027
heldout_subject,S03,calm,calm,65,0.878378
heldout_subject,S03,calm,horror,3,0.040541
heldout_subject,S03,calm,funny,4,0.054054
heldout_subject,S03,horror,boring,0,0.000000
heldout_subject,S03,horror,calm,1,0.013514
heldout_subject,S03,horror,horror,71,0.959459
heldout_subject,S03,horror,funny,2,0.027027
heldout_subject,S03,funny,boring,2,0.027027
heldout_subject,S03,funny,calm,1,0.013514
heldout_subject,S03,funny,horror,7,0.094595
heldout_subject,S03,funny,funny,64,0.864865
heldout_subject,S04,boring,boring,61,0.824324
heldout_subject,S04,boring,calm,7,0.094595
heldout_subject,S04,boring,horror,0,0.000000
heldout_subject,S04,boring,funny,6,0.081081
heldout_subject,S04,calm,boring,2,0.027027
heldout_subject,S04,calm,calm,55,0.743243
heldout_subject,S04,calm,horror,4,0.054054
heldout_subject,S04,calm,funny,13,0.175676
heldout_subject,S04,horror,boring,0,0.000000
heldout_subject,S04,horror,calm,1,0.013514
heldout_subject,S04,horror,horror,71,0.959459
heldout_subject,S04,horror,funny,2,0.027027
heldout_subject,S04,funny,boring,0,0.000000
heldout_subject,S04,funny,calm,0,0.000000
heldout_subject,S04,funny,horror,3,0.040541
heldout_subject,S04,funny,funny,71,0.959459
heldout_subject,S05,boring,boring,59,0.797297
heldout_subject,S05,boring,calm,8,0.108108
heldout_subject,S05,boring,horror,4,0.054054
heldout_subject,S05,boring,funny,3,0.040541
heldout_subject,S05,calm,boring,3,0.040541
heldout_subject,S05,calm,calm,63,0.851351
heldout_subject,S05,calm,horror,5,0.067568
heldout_subject,S05,calm,funny,3,0.040541
heldout_subject,S05,horror,boring,2,0.027027
heldout_subject,S05,horror,calm,7,0.094595
heldout_subject,S05,horror,horror,60,0.810811
heldout_subject,S05,horror,funny,5,0.067568
heldout_subject,S05,funny,boring,2,0.027027
heldout_subject,S05,funny,calm,10,0.135135
heldout_subject,S05,funny,horror,5,0.067568
heldout_subject,S05,funny,funny,57,0.770270
heldout_subject,S06,boring,boring,71,0.959459
heldout_subject,S06,boring,calm,1,0.013514
heldout_subject,S06,boring,horror,1,0.013514
heldout_subject,S06,boring,funny,1,0.013514
heldout_subject,S06,calm,boring,8,0.108108
heldout_subject,S06,calm,calm,62,0.837838
heldout_subject,S06,calm,horror,0,0.000000
heldout_subject,S06,calm,funny,4,0.054054
heldout_subject,S06,horror,boring,0,0.000000
heldout_subject,S06,horror,calm,2,0.027027
heldout_subject,S06,horror,horror,48,0.648649
heldout_subject,S06,horror,funny,24,0.324324
heldout_subject,S06,funny,boring,0,0.000000
heldout_subject,S06,funny,calm,1,0.013514
heldout_subject,S06,funny,horror,4,0.054054
heldout_subject,S06,funny,funny,69,0.932432
heldout_subject,S07,boring,boring,74,1.000000
heldout_subject,S07,boring,calm,0,0.000000
heldout_subject,S07,boring,horror,0,0.000000
heldout_subject,S07,boring,funny,0,0.000000
heldout_subject,S07,calm,boring,13,0.175676
heldout_subject,S07,calm,calm,50,0.675676
heldout_subject,S07,calm,horror,7,0.094595
heldout_subject,S07,calm,funny,4,0.054054
heldout_subject,S07,horror,boring,8,0.108108
heldout_subject,S07,horror,calm,5,0.067568
heldout_subject,S07,horror,horror,53,0.716216
heldout_subject,S07,horror,funny,8,0.108108
heldout_subject,S07,funny,boring,4,0.054054
heldout_subject,S07,funny,calm,1,0.013514
heldout_subject,S07,funny,horror,1,0.013514
heldout_subject,S07,funny,funny,68,0.918919
heldout_subject,S08,boring,boring,69,0.932432
heldout_subject,S08,boring,calm,3,0.040541
heldout_subject,S08,boring,horror,2,0.027027
heldout_subject,S08,boring,funny,0,0.000000
heldout_subject,S08,calm,boring,3,0.040541
heldout_subject,S08,calm,calm,63,0.851351
heldout_subject,S08,calm,horror,5,0.067568
heldout_subject,S08,calm,funny,3,0.040541
heldout_subject,S08,horror,boring,4,0.054054
heldout_subject,S08,horror,calm,7,0.094595
heldout_subject,S08,horror,horror,52,0.702703
heldout_subject,S08,horror,funny,11,0.148649
heldout_subject,S08,funny,boring,7,0.094595
heldout_subject,S08,funny,calm,5,0.067568
heldout_subject,S08,funny,horror,6,0.081081
heldout_subject,S08,funny,funny,56,0.756757
heldout_subject,S09,boring,boring,57,0.770270
heldout_subject,S09,boring,calm,4,0.054054
heldout_subject,S09,boring,horror,7,0.094595
heldout_subject,S09,boring,funny,6,0.081081
heldout_subject,S09,calm,boring,8,0.108108
heldout_subject,S09,calm,calm,43,0.581081
heldout_subject,S09,calm,horror,11,0.148649
heldout_subject,S09,calm,funny,12,0.162162
heldout_subject,S09,horror,boring,5,0.067568
heldout_subject,S09,horror,calm,2,0.027027
heldout_subject,S09,horror,horror,65,0.878378
heldout_subject,S09,horror,funny,2,0.027027
heldout_subject,S09,funny,boring,5,0.067568
heldout_subject,S09,funny,calm,5,0.067568
heldout_subject,S09,funny,horror,7,0.094595
heldout_subject,S09,funny,funny,57,0.770270
heldout_subject,S10,boring,boring,64,0.864865
heldout_subject,S10,boring,calm,2,0.027027
heldout_subject,S10,boring,horror,4,0.054054
heldout_subject,S10,boring,funny,4,0.054054
heldout_subject,S10,calm,boring,10,0.135135
heldout_subject,S10,calm,calm,54,0.729730
heldout_subject,S10,calm,horror,5,0.067568
heldout_subject,S10,calm,funny,5,0.067568
heldout_subject,S10,horror,boring,4,0.054054
heldout_subject,S10,horror,calm,7,0.094595
heldout_subject,S10,horror,horror,55,0.743243
heldout_subject,S10,horror,funny,8,0.108108
heldout_subject,S10,funny,boring,5,0.067568
heldout_subject,S10,funny,calm,4,0.054054
heldout_subject,S10,funny,horror,6,0.081081
heldout_subject,S10,funny,funny,59,0.797297
heldout_subject,S11,boring,boring,66,0.891892
heldout_subject,S11,boring,calm,2,0.027027
heldout_subject,S11,boring,horror,2,0.027027
heldout_subject,S11,boring,funny,4,0.054054
heldout_subject,S11,calm,boring,4,0.054054
heldout_subject,S11,calm,calm,55,0.743243
heldout_subject,S11,calm,horror,4,0.054054
heldout_subject,S11,calm,funny,11,0.148649
heldout_subject,S11,horror,boring,2,0.027027
heldout_subject,S11,horror,calm,10,0.135135
heldout_subject,S11,horror,horror,56,0.756757
heldout_subject,S11,horror,funny,6,0.081081
heldout_subject,S11,funny,boring,3,0.040541
heldout_subject,S11,funny,calm,4,0.054054
heldout_subject,S11,funny,horror,6,0.081081
heldout_subject,S11,funny,funny,61,0.824324
heldout_subject,S12,boring,boring,58,0.783784
heldout_subject,S12,boring,calm,7,0.094595
heldout_subject,S12,boring,horror,5,0.067568
heldout_subject,S12,boring,funny,4,0.054054
heldout_subject,S12,calm,boring,2,0.027027
heldout_subject,S12,calm,calm,49,0.662162
heldout_subject,S12,calm,horror,10,0.135135
heldout_subject,S12,calm,funny,13,0.175676
heldout_subject,S12,horror,boring,4,0.054054
heldout_subject,S12,horror,calm,7,0.094595
heldout_subject,S12,horror,horror,46,0.621622
heldout_subject,S12,horror,funny,17,0.229730
heldout_subject,S12,funny,boring,2,0.027027
heldout_subject,S12,funny,calm,2,0.027027
heldout_subject,S12,funny,horror,7,0.094595
heldout_subject,S12,funny,funny,63,0.851351
heldout_subject,S13,boring,boring,68,0.918919
heldout_subject,S13,boring,calm,2,0.027027
heldout_subject,S13,boring,horror,1,0.013514
heldout_subject,S13,boring,funny,3,0.040541
heldout_subject,S13,calm,boring,5,0.067568
heldout_subject,S13,calm,calm,55,0.743243
heldout_subject,S13,calm,horror,4,0.054054
heldout_subject,S13,calm,funny,10,0.135135
heldout_subject,S13,horror,boring,3,0.040541
heldout_subject,S13,horror,calm,1,0.013514
heldout_subject,S13,horror,horror,59,0.797297
heldout_subject,S13,horror,funny,11,0.148649
heldout_subject,S13,funny,boring,5,0.067568
heldout_subject,S13,funny,calm,2,0.027027
heldout_subject,S13,funny,horror,6,0.081081
heldout_subject,S13,funny,funny,61,0.824324
heldout_subject,S14,boring,boring,60,0.810811
heldout_subject,S14,boring,calm,9,0.121622
heldout_subject,S14,boring,horror,4,0.054054
heldout_subject,S14,boring,funny,1,0.013514
heldout_subject,S14,calm,boring,2,0.027027
heldout_subject,S14,calm,calm,58,0.783784
heldout_subject,S14,calm,horror,9,0.121622
heldout_subject,S14,calm,funny,5,0.067568
heldout_subject,S14,horror,boring,8,0.108108
heldout_subject,S14,horror,calm,6,0.081081
heldout_subject,S14,horror,horror,58,0.783784
heldout_subject,S14,horror,funny,2,0.027027
heldout_subject,S14,funny,boring,2,0.027027
heldout_subject,S14,funny,calm,5,0.067568
heldout_subject,S14,funny,horror,8,0.108108
heldout_subject,S14,funny,funny,59,0.797297
heldout_subject,S15,boring,boring,55,0.743243
heldout_subject,S15,boring,calm,6,0.081081
heldout_subject,S15,boring,horror,2,0.027027
heldout_subject,S15,boring,funny,11,0.148649
heldout_subject,S15,calm,boring,7,0.094595
heldout_subject,S15,calm,calm,50,0.675676
heldout_subject,S15,calm,horror,12,0.162162
heldout_subject,S15,calm,funny,5,0.067568
heldout_subject,S15,horror,boring,1,0.013514
heldout_subject,S15,horror,calm,4,0.054054
heldout_subject,S15,horror,horror,60,0.810811
heldout_subject,S15,horror,funny,9,0.121622
heldout_subject,S15,funny,boring,0,0.000000
heldout_subject,S15,funny,calm,3,0.040541
heldout_subject,S15,funny,horror,5,0.067568
heldout_subject,S15,funny,funny,66,0.891892
heldout_subject,S16,boring,boring,56,0.756757
heldout_subject,S16,boring,calm,10,0.135135
heldout_subject,S16,boring,horror,1,0.013514
heldout_subject,S16,boring,funny,7,0.094595
heldout_subject,S16,calm,boring,7,0.094595
heldout_subject,S16,calm,calm,52,0.702703
heldout_subject,S16,calm,horror,10,0.135135
heldout_subject,S16,calm,funny,5,0.067568
heldout_subject,S16,horror,boring,0,0.000000
heldout_subject,S16,horror,calm,14,0.189189
heldout_subject,S16,horror,horror,57,0.770270
heldout_subject,S16,horror,funny,3,0.040541
heldout_subject,S16,funny,boring,3,0.040541
heldout_subject,S16,funny,calm,11,0.148649
heldout_subject,S16,funny,horror,4,0.054054
heldout_subject,S16,funny,funny,56,0.756757
heldout_subject,S17,boring,boring,61,0.824324
heldout_subject,S17,boring,calm,8,0.108108
heldout_subject,S17,boring,horror,4,0.054054
heldout_subject,S17,boring,funny,1,0.013514
heldout_subject,S17,calm,boring,10,0.135135
heldout_subject,S17,calm,calm,60,0.810811
heldout_subject,S17,calm,horror,2,0.027027
heldout_subject,S17,calm,funny,2,0.027027
heldout_subject,S17,horror,boring,8,0.108108
heldout_subject,S17,horror,calm,3,0.040541
heldout_subject,S17,horror,horror,58,0.783784
heldout_subject,S17,horror,funny,5,0.067568
heldout_subject,S17,funny,boring,6,0.081081
heldout_subject,S17,funny,calm,2,0.027027
heldout_subject,S17,funny,horror,5,0.067568
heldout_subject,S17,funny,funny,61,0.824324
heldout_subject,S18,boring,boring,66,0.891892
heldout_subject,S18,boring,calm,6,0.081081
heldout_subject,S18,boring,horror,1,0.013514
heldout_subject,S18,boring,funny,1,0.013514
heldout_subject,S18,calm,boring,10,0.135135
heldout_subject,S18,calm,calm,46,0.621622
heldout_subject,S18,calm,horror,9,0.121622
heldout_subject,S18,calm,funny,9,0.121622
heldout_subject,S18,horror,boring,13,0.175676
heldout_subject,S18,horror,calm,3,0.040541
heldout_subject,S18,horror,horror,53,0.716216
heldout_subject,S18,horror,funny,5,0.067568
heldout_subject,S18,funny,boring,7,0.094595
heldout_subject,S18,funny,calm,2,0.027027
heldout_subject,S18,funny,horror,2,0.027027
heldout_subject,S18,funny,funny,63,0.851351
heldout_subject,S19,boring,boring,66,0.891892
heldout_subject,S19,boring,calm,1,0.013514
heldout_subject,S19,boring,horror,4,0.054054
heldout_subject,S19,boring,funny,3,0.040541
heldout_subject,S19,calm,boring,17,0.229730
heldout_subject,S19,calm,calm,44,0.594595
heldout_subject,S19,calm,horror,6,0.081081
heldout_subject,S19,calm,funny,7,0.094595
heldout_subject,S19,horror,boring,3,0.040541
heldout_subject,S19,horror,calm,1,0.013514
heldout_subject,S19,horror,horror,62,0.837838
heldout_subject,S19,horror,funny,8,0.108108
heldout_subject,S19,funny,boring,4,0.054054
heldout_subject,S19,funny,calm,6,0.081081
heldout_subject,S19,funny,horror,10,0.135135
heldout_subject,S19,funny,funny,54,0.729730
heldout_subject,S20,boring,boring,70,0.945946
heldout_subject,S20,boring,calm,2,0.027027
heldout_subject,S20,boring,horror,0,0.000000
heldout_subject,S20,boring,funny,2,0.027027
heldout_subject,S20,calm,boring,7,0.094595
heldout_subject,S20,calm,calm,56,0.756757
heldout_subject,S20,calm,horror,2,0.027027
heldout_subject,S20,calm,funny,9,0.121622
heldout_subject,S20,horror,boring,2,0.027027
heldout_subject,S20,horror,calm,0,0.000000
heldout_subject,S20,horror,horror,65,0.878378
heldout_subject,S20,horror,funny,7,0.094595
heldout_subject,S20,funny,boring,0,0.000000
heldout_subject,S20,funny,calm,1,0.013514
heldout_subject,S20,funny,horror,15,0.202703
heldout_subject,S20,funny,funny,58,0.783784
heldout_subject,S21,boring,boring,63,0.851351
heldout_subject,S21,boring,calm,10,0.135135
heldout_subject,S21,boring,horror,0,0.000000
heldout_subject,S21,boring,funny,1,0.013514
heldout_subject,S21,calm,boring,5,0.067568
heldout_subject,S21,calm,calm,64,0.864865
heldout_subject,S21,calm,horror,2,0.027027
heldout_subject,S21,calm,funny,3,0.040541
heldout_subject,S21,horror,boring,3,0.040541
heldout_subject,S21,horror,calm,9,0.121622
heldout_subject,S21,horror,horror,57,0.770270
heldout_subject,S21,horror,funny,5,0.067568
heldout_subject,S21,funny,boring,0,0.000000
heldout_subject,S21,funny,calm,4,0.054054
heldout_subject,S21,funny,horror,0,0.000000
heldout_subject,S21,funny,funny,70,0.945946
heldout_subject,S22,boring,boring,66,0.891892
heldout_subject,S22,boring,calm,5,0.067568
heldout_subject,S22,boring,horror,1,0.013514
heldout_subject,S22,boring,funny,2,0.027027
heldout_subject,S22,calm,boring,10,0.135135
heldout_subject,S22,calm,calm,58,0.783784
heldout_subject,S22,calm,horror,3,0.040541
heldout_subject,S22,calm,funny,3,0.040541
heldout_subject,S22,horror,boring,7,0.094595
heldout_subject,S22,horror,calm,7,0.094595
heldout_subject,S22,horror,horror,58,0.783784
heldout_subject,S22,horror,funny,2,0.027027
heldout_subject,S22,funny,boring,2,0.027027
heldout_subject,S22,funny,calm,5,0.067568
heldout_subject,S22,funny,horror,13,0.175676
heldout_subject,S22,funny,funny,54,0.729730
heldout_subject,S23,boring,boring,61,0.824324
heldout_subject,S23,boring,calm,8,0.108108
heldout_subject,S23,boring,horror,5,0.067568
heldout_subject,S23,boring,funny,0,0.000000
heldout_subject,S23,calm,boring,5,0.067568
heldout_subject,S23,calm,calm,56,0.756757
heldout_subject,S23,calm,horror,10,0.135135
heldout_subject,S23,calm,funny,3,0.040541
heldout_subject,S23,horror,boring,3,0.040541
heldout_subject,S23,horror,calm,9,0.121622
heldout_subject,S23,horror,horror,62,0.837838
heldout_subject,S23,horror,funny,0,0.000000
heldout_subject,S23,funny,boring,5,0.067568
heldout_subject,S23,funny,calm,7,0.094595
heldout_subject,S23,funny,horror,9,0.121622
heldout_subject,S23,funny,funny,53,0.716216
heldout_subject,S24,boring,boring,47,0.635135
heldout_subject,S24,boring,calm,10,0.135135
heldout_subject,S24,boring,horror,10,0.135135
heldout_subject,S24,boring,funny,7,0.094595
heldout_subject,S24,calm,boring,6,0.081081
heldout_subject,S24,calm,calm,60,0.810811
heldout_subject,S24,calm,horror,6,0.081081
heldout_subject,S24,calm,funny,2,0.027027
heldout_subject,S24,horror,boring,3,0.040541
heldout_subject,S24,horror,calm,4,0.054054
heldout_subject,S24,horror,horror,67,0.905405
heldout_subject,S24,horror,funny,0,0.000000
heldout_subject,S24,funny,boring,4,0.054054
heldout_subject,S24,funny,calm,8,0.108108
heldout_subject,S24,funny,horror,10,0.135135
heldout_subject,S24,funny,funny,52,0.702703
heldout_subject,S25,boring,boring,59,0.797297
heldout_subject,S25,boring,calm,8,0.108108
heldout_subject,S25,boring,horror,4,0.054054
heldout_subject,S25,boring,funny,3,0.040541
heldout_subject,S25,calm,boring,6,0.081081
heldout_subject,S25,calm,calm,64,0.864865
heldout_subject,S25,calm,horror,3,0.040541
heldout_subject,S25,calm,funny,1,0.013514
heldout_subject,S25,horror,boring,1,0.013514
heldout_subject,S25,horror,calm,14,0.189189
heldout_subject,S25,horror,horror,46,0.621622
heldout_subject,S25,horror,funny,13,0.175676
heldout_subject,S25,funny,boring,5,0.067568
heldout_subject,S25,funny,calm,10,0.135135
heldout_subject,S25,funny,horror,2,0.027027
heldout_subject,S25,funny,funny,57,0.770270
heldout_subject,S26,boring,boring,50,0.675676
heldout_subject,S26,boring,calm,11,0.148649
heldout_subject,S26,boring,horror,6,0.081081
heldout_subject,S26,boring,funny,7,0.094595
heldout_subject,S26,calm,boring,3,0.040541
heldout_subject,S26,calm,calm,54,0.729730
heldout_subject,S26,calm,horror,4,0.054054
heldout_subject,S26,calm,funny,13,0.175676
heldout_subject,S26,horror,boring,0,0.000000
heldout_subject,S26,horror,calm,8,0.108108
heldout_subject,S26,horror,horror,54,0.729730
heldout_subject,S26,horror,funny,12,0.162162
heldout_subject,S26,funny,boring,1,0.013514
heldout_subject,S26,funny,calm,6,0.081081
heldout_subject,S26,funny,horror,11,0.148649
heldout_subject,S26,funny,funny,56,0.756757
heldout_subject,S27,boring,boring,61,0.824324
heldout_subject,S27,boring,calm,5,0.067568
heldout_subject,S27,boring,horror,3,0.040541
heldout_subject,S27,boring,funny,5,0.067568
heldout_subject,S27,calm,boring,5,0.067568
heldout_subject,S27,calm,calm,58,0.783784
heldout_subject,S27,calm,horror,5,0.067568
heldout_subject,S27,calm,funny,6,0.081081
heldout_subject,S27,horror,boring,1,0.013514
heldout_subject,S27,horror,calm,6,0.081081
heldout_subject,S27,horror,horror,55,0.743243
heldout_subject,S27,horror,funny,12,0.162162
heldout_subject,S27,funny,boring,0,0.000000
heldout_subject,S27,funny,calm,5,0.067568
heldout_subject,S27,funny,horror,6,0.081081
heldout_subject,S27,funny,funny,63,0.851351
heldout_subject,S28,boring,boring,63,0.851351
heldout_subject,S28,boring,calm,6,0.081081
heldout_subject,S28,boring,horror,4,0.054054
heldout_subject,S28,boring,funny,1,0.013514
heldout_subject,S28,calm,boring,7,0.094595
heldout_subject,S28,calm,calm,50,0.675676
heldout_subject,S28,calm,horror,7,0.094595
heldout_subject,S28,calm,funny,10,0.135135
heldout_subject,S28,horror,boring,8,0.108108
heldout_subject,S28,horror,calm,5,0.067568
heldout_subject,S28,horror,horror,59,0.797297
heldout_subject,S28,horror,funny,2,0.027027
heldout_subject,S28,funny,boring,2,0.027027
heldout_subject,S28,funny,calm,6,0.081081
heldout_subject,S28,funny,horror,0,0.000000
heldout_subject,S28,funny,funny,66,0.891892
