seed,protocol,split_protocol,accuracy,macro_f1,accuracy_std,macro_f1_std,n_folds,window_samples,input_mode,patch_samples,learning_rate,dropout,d_model,n_heads,n_layers,dim_feedforward,class_weight,normalization_strategy,requested_epochs,batch_size,weight_decay,patience,device,source_file
0,subject_dependent,subject_dependent_matched_budget,0.807432,0.807998,,,1,512,temporal_patch,32,0.001,0.1,64,4,2,128,none,train_channel_standardization,30,64,0.0001,8,cpu,results\transformer_matched_budget_repeated_seed_runs\subject_dependent_seed_0.csv
1,subject_dependent,subject_dependent_matched_budget,0.810811,0.812604,,,1,512,temporal_patch,32,0.001,0.1,64,4,2,128,none,train_channel_standardization,30,64,0.0001,8,cpu,results\transformer_matched_budget_repeated_seed_runs\subject_dependent_seed_1.csv
2,subject_dependent,subject_dependent_matched_budget,0.793919,0.794008,,,1,512,temporal_patch,32,0.001,0.1,64,4,2,128,none,train_channel_standardization,30,64,0.0001,8,cpu,results\transformer_matched_budget_repeated_seed_runs\subject_dependent_seed_2.csv
3,subject_dependent,subject_dependent_matched_budget,0.790541,0.789958,,,1,512,temporal_patch,32,0.001,0.1,64,4,2,128,none,train_channel_standardization,30,64,0.0001,8,cpu,results\transformer_matched_budget_repeated_seed_runs\subject_dependent_seed_3.csv
4,subject_dependent,subject_dependent_matched_budget,0.790541,0.789010,,,1,512,temporal_patch,32,0.001,0.1,64,4,2,128,none,train_channel_standardization,30,64,0.0001,8,cpu,results\transformer_matched_budget_repeated_seed_runs\subject_dependent_seed_4.csv
5,subject_dependent,subject_dependent_matched_budget,0.814189,0.814054,,,1,512,temporal_patch,32,0.001,0.1,64,4,2,128,none,train_channel_standardization,30,64,0.0001,8,cpu,results\transformer_matched_budget_repeated_seed_runs\subject_dependent_seed_5.csv
6,subject_dependent,subject_dependent_matched_budget,0.780405,0.778747,,,1,512,temporal_patch,32,0.001,0.1,64,4,2,128,none,train_channel_standardization,30,64,0.0001,8,cpu,results\transformer_matched_budget_repeated_seed_runs\subject_dependent_seed_6.csv
7,subject_dependent,subject_dependent_matched_budget,0.817568,0.817739,,,1,512,temporal_patch,32,0.001,0.1,64,4,2,128,none,train_channel_standardization,30,64,0.0001,8,cpu,results\transformer_matched_budget_repeated_seed_runs\subject_dependent_seed_7.csv
8,subject_dependent,subject_dependent_matched_budget,0.810811,0.810860,,,1,512,temporal_patch,32,0.001,0.1,64,4,2,128,none,train_channel_standardization,30,64,0.0001,8,cpu,results\transformer_matched_budget_repeated_seed_runs\subject_dependent_seed_8.csv
9,subject_dependent,subject_dependent_matched_budget,0.827703,0.827768,,,1,512,temporal_patch,32,0.001,0.1,64,4,2,128,none,train_channel_standardization,30,64,0.0001,8,cpu,results\transformer_matched_budget_repeated_seed_runs\subject_dependent_seed_9.csv
